customer_name,customer_segment,country,region,customer_id
Karen Suzuki,Corporate,United States,North America,1
John Johansson,Corporate,Spain,Europe,2
Jessica Garcia,Consumer,Mexico,North America,3
Clara Taylor,Corporate,Italy,Europe,4
Felix Thomas,Consumer,Italy,Europe,5
Fatima Suzuki,Consumer,Mexico,North America,6
Felix Rodriguez,Home Office,United States,North America,7
Ayumi Ferrari,Home Office,Nigeria,Middle East & Africa,8
Thomas Smith,Consumer,China,Asia Pacific,9
Ali Rodriguez,Consumer,Saudi Arabia,Middle East & Africa,10
Raj Martinez,Corporate,Colombia,South America,11
Kenji Rossi,Corporate,Spain,Europe,12
Mary Khan,Corporate,United Kingdom,Europe,13
Maria Tanaka,Consumer,Colombia,South America,14
Zara Brown,Corporate,Italy,Europe,15
Marco Moreau,Corporate,Japan,Asia Pacific,16
Christopher Johansson,Consumer,Nigeria,Middle East & Africa,17
Susan Davis,Home Office,Australia,Asia Pacific,18
Jamal Schmidt,Consumer,Mexico,North America,19
Sarah Davis,Home Office,Italy,Europe,20
Clara Smith,Corporate,Colombia,South America,21
Robert Khan,Consumer,Colombia,South America,22
Jennifer Russo,Home Office,United States,North America,23
Yuki Costa,Corporate,UAE,Middle East & Africa,24
Amir Oliveira,Consumer,Mexico,North America,25
Ivan Zhang,Consumer,UAE,Middle East & Africa,26
Sakura Martinez,Home Office,Australia,Asia Pacific,27
Mary Davis,Consumer,Argentina,South America,28
Karen Rossi,Home Office,Japan,Asia Pacific,29
Chen Singh,Consumer,China,Asia Pacific,30
Wei Müller,Consumer,Canada,North America,31
Raj Costa,Consumer,United Kingdom,Europe,32
Hanna Sato,Consumer,Germany,Europe,33
Sarah Zhang,Home Office,South Africa,Middle East & Africa,34
Linda Russo,Corporate,Italy,Europe,35
Chen Laurent,Consumer,United States,North America,36
David Anderson,Consumer,Saudi Arabia,Middle East & Africa,37
Ayumi Tanaka,Corporate,South Korea,Asia Pacific,38
Susan Johansson,Consumer,Mexico,North America,39
Mary Ferrari,Consumer,United Kingdom,Europe,40
Michael Harris,Home Office,Argentina,South America,41
Priya Martin,Consumer,Canada,North America,42
Kenji Nilsson,Home Office,Japan,Asia Pacific,43
Amir Hassan,Consumer,United States,North America,44
Ahmed Garcia,Home Office,India,Asia Pacific,45
Li Wang,Corporate,Brazil,South America,46
Ava Martinez,Corporate,Nigeria,Middle East & Africa,47
Ahmed Clark,Consumer,Canada,North America,48
William Sharma,Corporate,Italy,Europe,49
Felix Smith,Corporate,Colombia,South America,50
Yuki Kumar,Corporate,Canada,North America,51
Jamal Rossi,Corporate,South Korea,Asia Pacific,52
Maria Sharma,Home Office,Japan,Asia Pacific,53
Karen Martinez,Home Office,Colombia,South America,54
Sakura Thomas,Corporate,Argentina,South America,55
Hans Chen,Consumer,Germany,Europe,56
Lucas Sharma,Consumer,Brazil,South America,57
Giulia Leroy,Consumer,China,Asia Pacific,58
Felix Yamamoto,Consumer,Japan,Asia Pacific,59
Layla Khan,Home Office,Canada,North America,60
Ava Jones,Consumer,Australia,Asia Pacific,61
Sakura Martin,Corporate,Japan,Asia Pacific,62
Maria Laurent,Home Office,South Korea,Asia Pacific,63
Zara Suzuki,Consumer,Canada,North America,64
Zara Costa,Consumer,United Kingdom,Europe,65
Olga Kim,Consumer,Argentina,South America,66
Hans Kim,Corporate,Japan,Asia Pacific,67
Isabella White,Consumer,Germany,Europe,68
Emma Oliveira,Consumer,Italy,Europe,69
Michael Zhang,Consumer,Canada,North America,70
Hanna Ahmed,Consumer,Saudi Arabia,Middle East & Africa,71
Patricia Müller,Consumer,Australia,Asia Pacific,72
Kenji Zhang,Corporate,United States,North America,73
Ayumi Martinez,Home Office,Canada,North America,74
Ayumi Nilsson,Home Office,Nigeria,Middle East & Africa,75
Mia Ali,Corporate,United States,North America,76
Lucas Schmidt,Home Office,Australia,Asia Pacific,77
Barbara Davis,Consumer,United Kingdom,Europe,78
Jessica Wang,Corporate,South Korea,Asia Pacific,79
Jamal Zhang,Consumer,Nigeria,Middle East & Africa,80
Felix Johansson,Consumer,Canada,North America,81
Priya Wang,Consumer,France,Europe,82
Sophie Park,Consumer,Mexico,North America,83
Ayumi Khan,Consumer,United States,North America,84
Michael Davis,Consumer,China,Asia Pacific,85
Felix Thompson,Consumer,Canada,North America,86
Hans Johnson,Consumer,Australia,Asia Pacific,87
Jennifer Moreau,Corporate,Canada,North America,88
Mia Müller,Home Office,United Kingdom,Europe,89
Priya Martinez,Corporate,United States,North America,90
Fatima Suzuki,Home Office,Brazil,South America,91
Zara White,Consumer,France,Europe,92
Felix Moreau,Consumer,Spain,Europe,93
Ethan Hassan,Corporate,China,Asia Pacific,94
Ingrid Schmidt,Consumer,Italy,Europe,95
Mia Harris,Consumer,United States,North America,96
Sophie Harris,Consumer,Argentina,South America,97
Michael Hassan,Corporate,India,Asia Pacific,98
Oscar Jones,Consumer,Canada,North America,99
Giulia Ali,Consumer,South Korea,Asia Pacific,100
Fatima Rossi,Consumer,Australia,Asia Pacific,101
Yuki Patel,Corporate,Japan,Asia Pacific,102
Mia Clark,Consumer,Italy,Europe,103
Mary Smith,Home Office,United States,North America,104
Ayumi Suzuki,Corporate,Australia,Asia Pacific,105
Elizabeth Moreau,Home Office,Australia,Asia Pacific,106
Jamal Martinez,Consumer,Canada,North America,107
Barbara Ali,Corporate,Australia,Asia Pacific,108
Lucas Anderson,Consumer,United Kingdom,Europe,109
Omar Garcia,Consumer,China,Asia Pacific,110
Clara Miller,Consumer,United States,North America,111
David Harris,Corporate,Italy,Europe,112
James Chen,Home Office,Spain,Europe,113
Ahmed Harris,Consumer,Brazil,South America,114
Elizabeth Ahmed,Corporate,Brazil,South America,115
Fatima Kumar,Consumer,UAE,Middle East & Africa,116
Mia Martin,Corporate,Canada,North America,117
Robert Robinson,Home Office,Italy,Europe,118
Liam Jones,Consumer,Italy,Europe,119
Emma Johnson,Corporate,Italy,Europe,120
Mia Santos,Consumer,South Korea,Asia Pacific,121
Susan Kim,Consumer,South Africa,Middle East & Africa,122
Amir Khan,Corporate,Nigeria,Middle East & Africa,123
Barbara Leroy,Home Office,Mexico,North America,124
Thomas Patel,Consumer,Brazil,South America,125
Isabella Martin,Consumer,China,Asia Pacific,126
Wei Chen,Consumer,Saudi Arabia,Middle East & Africa,127
Karen Jackson,Consumer,Japan,Asia Pacific,128
Felix Santos,Home Office,United Kingdom,Europe,129
Mia Weber,Consumer,United States,North America,130
Jessica Anderson,Consumer,UAE,Middle East & Africa,131
Fatima Li,Consumer,United States,North America,132
Pierre Yamamoto,Consumer,Saudi Arabia,Middle East & Africa,133
Hanna Jones,Corporate,China,Asia Pacific,134
Felix Park,Consumer,Colombia,South America,135
Mia Ferrari,Consumer,India,Asia Pacific,136
Omar Leroy,Corporate,Canada,North America,137
Carlos Smith,Home Office,United States,North America,138
Barbara Russo,Corporate,Spain,Europe,139
Fatima Singh,Corporate,Argentina,South America,140
Olga Russo,Consumer,Australia,Asia Pacific,141
Emma Pereira,Consumer,Canada,North America,142
Thomas Chen,Consumer,Spain,Europe,143
Carlos Anderson,Home Office,Saudi Arabia,Middle East & Africa,144
Ayumi Johnson,Consumer,Mexico,North America,145
Hans Santos,Consumer,Canada,North America,146
Thomas Oliveira,Corporate,United States,North America,147
Oscar Taylor,Home Office,China,Asia Pacific,148
Emma Brown,Consumer,Spain,Europe,149
Susan White,Corporate,Japan,Asia Pacific,150
Nadia Weber,Consumer,Italy,Europe,151
James Anderson,Corporate,United States,North America,152
Olga Zhang,Corporate,South Africa,Middle East & Africa,153
Nadia Santos,Consumer,Argentina,South America,154
Lucas Kim,Consumer,Saudi Arabia,Middle East & Africa,155
Hans Laurent,Consumer,South Africa,Middle East & Africa,156
William Nilsson,Corporate,Spain,Europe,157
James Sharma,Corporate,Mexico,North America,158
Ava Ferrari,Home Office,Colombia,South America,159
Priya Zhang,Corporate,Mexico,North America,160
Richard Harris,Corporate,France,Europe,161
Richard Ali,Consumer,Mexico,North America,162
Richard Müller,Consumer,United States,North America,163
Diego Johansson,Consumer,Japan,Asia Pacific,164
Jamal Ferrari,Consumer,India,Asia Pacific,165
Li Pereira,Corporate,India,Asia Pacific,166
Olga Leroy,Home Office,Germany,Europe,167
Michael Yamamoto,Corporate,Colombia,South America,168
Michael Ferrari,Home Office,Japan,Asia Pacific,169
Priya Park,Consumer,Canada,North America,170
Olga Hassan,Corporate,South Korea,Asia Pacific,171
Maria Schmidt,Consumer,South Korea,Asia Pacific,172
Maria Martinez,Consumer,Mexico,North America,173
Hans Fischer,Corporate,Canada,North America,174
Lucas Chen,Consumer,Australia,Asia Pacific,175
Priya Jones,Consumer,Saudi Arabia,Middle East & Africa,176
Sophie Thomas,Consumer,Nigeria,Middle East & Africa,177
Jessica Sato,Consumer,Australia,Asia Pacific,178
Giulia Brown,Corporate,South Korea,Asia Pacific,179
Li Taylor,Consumer,Mexico,North America,180
Ahmed Miller,Consumer,France,Europe,181
Barbara Thomas,Corporate,UAE,Middle East & Africa,182
Clara Oliveira,Consumer,Canada,North America,183
Carlos Wang,Corporate,United States,North America,184
Li White,Corporate,Japan,Asia Pacific,185
Felix Miller,Consumer,South Korea,Asia Pacific,186
Sakura Dubois,Consumer,Germany,Europe,187
Barbara Suzuki,Consumer,Canada,North America,188
Zara Patel,Corporate,South Africa,Middle East & Africa,189
Wei Johansson,Corporate,India,Asia Pacific,190
Sarah Robinson,Home Office,Germany,Europe,191
Omar Williams,Corporate,Japan,Asia Pacific,192
Karen Moreau,Consumer,China,Asia Pacific,193
Christopher Park,Consumer,Germany,Europe,194
Kenji Jones,Consumer,India,Asia Pacific,195
Marco Taylor,Consumer,Mexico,North America,196
Li Yamamoto,Consumer,China,Asia Pacific,197
Ava Fischer,Corporate,Australia,Asia Pacific,198
Mia Smith,Consumer,Canada,North America,199
Ivan Anderson,Corporate,China,Asia Pacific,200
Raj Thomas,Consumer,Mexico,North America,201
Jamal Schmidt,Home Office,South Korea,Asia Pacific,202
Priya Chen,Home Office,Mexico,North America,203
Kenji Romano,Consumer,China,Asia Pacific,204
Pierre Fischer,Consumer,Japan,Asia Pacific,205
Ali Miller,Consumer,Mexico,North America,206
John Robinson,Consumer,Canada,North America,207
Wei Sato,Corporate,Australia,Asia Pacific,208
Amir Garcia,Corporate,France,Europe,209
Layla Santos,Corporate,Germany,Europe,210
Christopher Taylor,Consumer,Canada,North America,211
Chen Thompson,Consumer,Argentina,South America,212
Barbara Sharma,Corporate,France,Europe,213
Diego Jackson,Corporate,South Korea,Asia Pacific,214
Ayumi Ahmed,Consumer,South Korea,Asia Pacific,215
Fatima Laurent,Home Office,Argentina,South America,216
Olivia Kumar,Corporate,India,Asia Pacific,217
Raj Rossi,Consumer,Mexico,North America,218
Patricia Dubois,Corporate,Mexico,North America,219
Robert Jackson,Corporate,France,Europe,220
Jennifer Costa,Consumer,Mexico,North America,221
Ivan Li,Home Office,Brazil,South America,222
Nadia Brown,Home Office,South Korea,Asia Pacific,223
Emma Johansson,Corporate,Canada,North America,224
Diego Schmidt,Corporate,South Africa,Middle East & Africa,225
Clara Jackson,Consumer,Australia,Asia Pacific,226
Jamal Clark,Consumer,South Korea,Asia Pacific,227
Pierre Fischer,Corporate,Saudi Arabia,Middle East & Africa,228
Lucas Khan,Consumer,United States,North America,229
Chen Romano,Home Office,France,Europe,230
Sophie Yamamoto,Consumer,United States,North America,231
Hans Johnson,Home Office,India,Asia Pacific,232
Patricia Müller,Consumer,Mexico,North America,233
Ahmed Taylor,Home Office,China,Asia Pacific,234
Zara Rodriguez,Consumer,Mexico,North America,235
Clara Santos,Corporate,Mexico,North America,236
Hanna Davis,Consumer,United Kingdom,Europe,237
Barbara Rossi,Home Office,China,Asia Pacific,238
Oscar Santos,Corporate,Canada,North America,239
Patricia Chen,Home Office,United Kingdom,Europe,240
Ahmed Dubois,Consumer,Spain,Europe,241
Kenji Robinson,Consumer,Mexico,North America,242
Robert Sharma,Consumer,Australia,Asia Pacific,243
Chen Smith,Corporate,Germany,Europe,244
Kenji Leroy,Corporate,Japan,Asia Pacific,245
Richard Li,Consumer,Spain,Europe,246
Karen Anderson,Consumer,Italy,Europe,247
Zara Kim,Corporate,Mexico,North America,248
Jennifer Nilsson,Consumer,Japan,Asia Pacific,249
Christopher Harris,Consumer,Australia,Asia Pacific,250
Marco Martin,Consumer,Australia,Asia Pacific,251
Emma Zhang,Corporate,Saudi Arabia,Middle East & Africa,252
David Smith,Corporate,France,Europe,253
Wei Romano,Consumer,Nigeria,Middle East & Africa,254
Zara Rodriguez,Corporate,United Kingdom,Europe,255
Zara Ferrari,Consumer,United States,North America,256
Omar Garcia,Corporate,China,Asia Pacific,257
Hans Yamamoto,Consumer,South Korea,Asia Pacific,258
Nadia Costa,Consumer,United States,North America,259
Mia Sharma,Consumer,United States,North America,260
William Hassan,Corporate,Saudi Arabia,Middle East & Africa,261
Ali Johansson,Home Office,Saudi Arabia,Middle East & Africa,262
Amir Chen,Consumer,Canada,North America,263
Ethan Park,Home Office,Canada,North America,264
Christopher Robinson,Consumer,Australia,Asia Pacific,265
Noah Khan,Home Office,United States,North America,266
Linda Smith,Consumer,United Kingdom,Europe,267
Isabella Jackson,Consumer,Italy,Europe,268
Sarah Kim,Corporate,United Kingdom,Europe,269
James Suzuki,Corporate,United States,North America,270
Wei Harris,Consumer,Japan,Asia Pacific,271
Thomas Li,Consumer,Mexico,North America,272
Michael Khan,Corporate,Mexico,North America,273
Isabella Ahmed,Consumer,India,Asia Pacific,274
Felix Hassan,Home Office,Italy,Europe,275
Amir Thompson,Corporate,South Africa,Middle East & Africa,276
Chen Miller,Consumer,Italy,Europe,277
Priya Jackson,Consumer,Italy,Europe,278
Karen Wang,Corporate,Saudi Arabia,Middle East & Africa,279
Carlos Dubois,Consumer,Brazil,South America,280
Raj Chen,Home Office,Japan,Asia Pacific,281
Xiao Taylor,Corporate,UAE,Middle East & Africa,282
Fatima Jackson,Home Office,Germany,Europe,283
William Clark,Corporate,Mexico,North America,284
Ahmed Garcia,Corporate,UAE,Middle East & Africa,286
Ayumi Robinson,Corporate,Australia,Asia Pacific,287
Mary Johansson,Consumer,India,Asia Pacific,288
Michael Martin,Consumer,Saudi Arabia,Middle East & Africa,289
Karen Sato,Corporate,Germany,Europe,290
Isabella Kumar,Corporate,Italy,Europe,291
Carlos Rodriguez,Consumer,UAE,Middle East & Africa,292
James Tanaka,Consumer,Saudi Arabia,Middle East & Africa,293
Priya Thomas,Consumer,Italy,Europe,294
Mia Harris,Corporate,Canada,North America,295
Olga Nilsson,Consumer,Canada,North America,296
Olga Patel,Consumer,Japan,Asia Pacific,297
Priya Schmidt,Corporate,Spain,Europe,298
Noah Jones,Home Office,Australia,Asia Pacific,299
Oscar Schmidt,Consumer,Australia,Asia Pacific,300
Marco Harris,Consumer,UAE,Middle East & Africa,301
Giulia Johnson,Corporate,Mexico,North America,302
Sophie Harris,Consumer,India,Asia Pacific,303
Lucas Chen,Corporate,Saudi Arabia,Middle East & Africa,304
Robert Smith,Home Office,South Africa,Middle East & Africa,305
Ingrid Khan,Home Office,Mexico,North America,306
Lucas White,Home Office,Canada,North America,307
Nadia Jackson,Corporate,United States,North America,308
Chen Jones,Home Office,Japan,Asia Pacific,309
Susan Miller,Corporate,Mexico,North America,310
Priya Thomas,Home Office,Argentina,South America,311
Ahmed Thompson,Consumer,Italy,Europe,312
Diego Kim,Home Office,Spain,Europe,313
Priya Martinez,Consumer,Japan,Asia Pacific,314
Giulia Dubois,Consumer,Brazil,South America,315
Carlos Schmidt,Corporate,United Kingdom,Europe,316
Oscar Johnson,Consumer,United States,North America,317
Jennifer Garcia,Consumer,Canada,North America,318
Noah Santos,Consumer,South Korea,Asia Pacific,319
Elizabeth Harris,Corporate,Mexico,North America,320
Ali Jones,Consumer,Mexico,North America,321
Jamal Harris,Corporate,Saudi Arabia,Middle East & Africa,322
Elizabeth Williams,Corporate,Italy,Europe,323
Lucas Suzuki,Corporate,Brazil,South America,324
Clara Nilsson,Consumer,Japan,Asia Pacific,325
Ali Harris,Consumer,Australia,Asia Pacific,326
Hans Singh,Home Office,Spain,Europe,327
Olga Schmidt,Consumer,South Korea,Asia Pacific,328
David Thompson,Consumer,Germany,Europe,329
Priya Ali,Home Office,United Kingdom,Europe,330
Jamal Jones,Consumer,Canada,North America,331
Thomas Thompson,Consumer,India,Asia Pacific,332
Fatima Costa,Corporate,India,Asia Pacific,333
Diego Davis,Corporate,Spain,Europe,334
Omar Müller,Consumer,China,Asia Pacific,335
Mary Weber,Corporate,Canada,North America,336
Amina Johansson,Corporate,Spain,Europe,337
Liam Clark,Consumer,Argentina,South America,338
Ethan Chen,Corporate,Canada,North America,339
Clara Williams,Consumer,Argentina,South America,340
Christopher Davis,Consumer,France,Europe,341
James Taylor,Consumer,China,Asia Pacific,342
Chen Johnson,Consumer,Nigeria,Middle East & Africa,343
Fatima Smith,Corporate,Colombia,South America,344
Lucas Jones,Consumer,Argentina,South America,345
Karen Thomas,Corporate,United States,North America,346
Priya Nilsson,Consumer,UAE,Middle East & Africa,347
Elizabeth Sato,Consumer,UAE,Middle East & Africa,348
Sakura Jones,Corporate,Saudi Arabia,Middle East & Africa,349
Xiao Smith,Consumer,Brazil,South America,350
Robert Park,Consumer,United States,North America,351
Joseph Johnson,Corporate,United States,North America,352
Liam Wang,Consumer,China,Asia Pacific,353
Olivia Sharma,Corporate,UAE,Middle East & Africa,354
William Martinez,Corporate,South Korea,Asia Pacific,355
Felix Costa,Home Office,Saudi Arabia,Middle East & Africa,356
Noah Smith,Corporate,France,Europe,357
Thomas Chen,Corporate,Brazil,South America,358
Olivia Moreau,Consumer,Canada,North America,359
Noah Oliveira,Consumer,United Kingdom,Europe,360
Noah Russo,Home Office,Japan,Asia Pacific,361
Amir Singh,Corporate,Mexico,North America,362
Mary Miller,Consumer,Argentina,South America,363
Olivia Rossi,Consumer,Saudi Arabia,Middle East & Africa,364
Wei Li,Corporate,Mexico,North America,365
Sakura Rodriguez,Corporate,China,Asia Pacific,366
Christopher Rossi,Corporate,Japan,Asia Pacific,367
Michael Rodriguez,Consumer,Brazil,South America,368
Hans Anderson,Consumer,Colombia,South America,369
Liam Johansson,Corporate,South Africa,Middle East & Africa,370
James Schmidt,Consumer,India,Asia Pacific,371
Wei Yamamoto,Corporate,Spain,Europe,372
Linda Brown,Consumer,Mexico,North America,373
Jamal Ahmed,Corporate,Mexico,North America,374
Ahmed Singh,Home Office,United Kingdom,Europe,375
Pierre Wang,Consumer,France,Europe,376
Ivan Davis,Corporate,Australia,Asia Pacific,377
Giulia Taylor,Corporate,Brazil,South America,378
Hanna Rossi,Consumer,Germany,Europe,379
William Kim,Consumer,Canada,North America,380
Giulia Pereira,Consumer,South Korea,Asia Pacific,381
Barbara Hassan,Consumer,Australia,Asia Pacific,382
Karen Zhang,Home Office,India,Asia Pacific,383
Clara Clark,Home Office,Mexico,North America,384
Oscar White,Corporate,United States,North America,385
John Brown,Consumer,Germany,Europe,386
Amina Ali,Consumer,United States,North America,387
Oscar Thomas,Home Office,Canada,North America,388
Karen Russo,Consumer,France,Europe,389
Susan Wang,Consumer,Argentina,South America,390
Fatima Patel,Home Office,Mexico,North America,391
Ethan Kim,Corporate,Colombia,South America,392
Jennifer Garcia,Consumer,Argentina,South America,393
Kenji Suzuki,Corporate,Canada,North America,394
Wei Santos,Corporate,Canada,North America,395
Liam Pereira,Home Office,Australia,Asia Pacific,396
Ava Clark,Corporate,Nigeria,Middle East & Africa,397
Mary Hassan,Home Office,United States,North America,398
Felix Smith,Consumer,United Kingdom,Europe,399
Barbara Jones,Consumer,Mexico,North America,400
Christopher Williams,Home Office,Australia,Asia Pacific,401
Priya Weber,Consumer,Saudi Arabia,Middle East & Africa,402
Patricia Jackson,Corporate,Italy,Europe,403
Xiao Laurent,Consumer,Japan,Asia Pacific,404
Jamal Leroy,Home Office,Brazil,South America,405
Liam Ali,Home Office,Italy,Europe,406
Barbara Ali,Consumer,Brazil,South America,407
Ivan Pereira,Home Office,Saudi Arabia,Middle East & Africa,408
Omar Singh,Consumer,South Africa,Middle East & Africa,409
Ethan Rodriguez,Corporate,Italy,Europe,410
Pierre Romano,Consumer,Canada,North America,411
Omar Park,Consumer,United Kingdom,Europe,412
Michael Khan,Corporate,Canada,North America,413
Richard Tanaka,Consumer,South Africa,Middle East & Africa,414
Ayumi Martin,Consumer,Nigeria,Middle East & Africa,415
Omar Hassan,Consumer,China,Asia Pacific,416
Giulia Anderson,Consumer,India,Asia Pacific,417
Chen Rodriguez,Home Office,Spain,Europe,418
Mia Davis,Consumer,South Korea,Asia Pacific,419
Isabella Taylor,Corporate,Mexico,North America,420
Mary Martin,Corporate,Japan,Asia Pacific,421
Priya Jackson,Consumer,Mexico,North America,422
Mary Chen,Home Office,Germany,Europe,423
Omar Park,Corporate,Mexico,North America,424
Clara Tanaka,Corporate,UAE,Middle East & Africa,425
Clara Robinson,Home Office,France,Europe,426
Michael Ali,Consumer,Germany,Europe,427
Yuki Zhang,Consumer,United States,North America,428
David Clark,Consumer,Germany,Europe,429
John Laurent,Consumer,Mexico,North America,430
Ethan Yamamoto,Home Office,Australia,Asia Pacific,431
Olga Leroy,Consumer,India,Asia Pacific,432
Noah Taylor,Consumer,United States,North America,433
Amina Johansson,Consumer,United Kingdom,Europe,434
Hans Smith,Consumer,Australia,Asia Pacific,435
Yuki Rodriguez,Corporate,Mexico,North America,436
Jamal Clark,Consumer,South Africa,Middle East & Africa,437
Sarah Jackson,Home Office,Brazil,South America,438
Thomas Santos,Consumer,United States,North America,439
Chen Patel,Home Office,Japan,Asia Pacific,440
Maria Rodriguez,Consumer,United States,North America,441
Olga Taylor,Consumer,United States,North America,442
Omar Russo,Home Office,Australia,Asia Pacific,443
Sakura Ali,Consumer,Nigeria,Middle East & Africa,444
Marco Sato,Consumer,Mexico,North America,445
Sophie Brown,Corporate,Mexico,North America,446
Diego Harris,Consumer,Italy,Europe,447
Noah Moreau,Corporate,Italy,Europe,448
Chen Garcia,Consumer,China,Asia Pacific,449
Fatima Wang,Consumer,India,Asia Pacific,450
Hanna Santos,Home Office,South Korea,Asia Pacific,451
Ingrid Weber,Corporate,United States,North America,452
Ali Johnson,Corporate,Mexico,North America,453
Hanna Khan,Consumer,Colombia,South America,454
Liam Laurent,Consumer,Mexico,North America,455
Elizabeth Martin,Consumer,United Kingdom,Europe,456
Joseph Martinez,Home Office,Canada,North America,457
Ali Johansson,Corporate,United States,North America,458
Michael Li,Corporate,Canada,North America,459
Lucas Thomas,Corporate,China,Asia Pacific,460
Ahmed Sharma,Home Office,United States,North America,461
Kenji Taylor,Consumer,Japan,Asia Pacific,462
James Clark,Consumer,South Africa,Middle East & Africa,463
Xiao Wang,Consumer,Argentina,South America,464
Layla Fischer,Corporate,China,Asia Pacific,465
Sarah Khan,Home Office,Brazil,South America,466
Lucas Leroy,Corporate,Spain,Europe,467
Jessica Tanaka,Consumer,Canada,North America,468
Jessica Wang,Home Office,Mexico,North America,469
Sarah Davis,Consumer,Saudi Arabia,Middle East & Africa,470
Sarah Thompson,Consumer,Brazil,South America,471
Isabella Patel,Consumer,Canada,North America,472
Lucas Oliveira,Consumer,Spain,Europe,473
Olivia Ferrari,Home Office,Australia,Asia Pacific,474
Xiao Ferrari,Home Office,France,Europe,475
Marco Nilsson,Consumer,Japan,Asia Pacific,476
Mary Smith,Corporate,Nigeria,Middle East & Africa,477
John Patel,Consumer,Japan,Asia Pacific,478
Ayumi Ali,Corporate,Spain,Europe,479
Sophie Clark,Home Office,China,Asia Pacific,480
Priya Garcia,Corporate,Japan,Asia Pacific,481
Emma Martinez,Home Office,Nigeria,Middle East & Africa,482
Fatima Martin,Home Office,Australia,Asia Pacific,483
Jamal Robinson,Corporate,Nigeria,Middle East & Africa,484
Carlos Santos,Corporate,UAE,Middle East & Africa,485
Omar Li,Corporate,Colombia,South America,486
Noah Johansson,Home Office,Italy,Europe,487
Hanna Yamamoto,Consumer,Japan,Asia Pacific,488
William Yamamoto,Corporate,China,Asia Pacific,489
Joseph Leroy,Consumer,Colombia,South America,490
Giulia Khan,Home Office,United States,North America,491
Diego Pereira,Home Office,Nigeria,Middle East & Africa,492
Raj Oliveira,Corporate,Brazil,South America,493
Ayumi Garcia,Corporate,Mexico,North America,494
Felix Kim,Corporate,Canada,North America,495
Zara Moreau,Consumer,Brazil,South America,496
Richard Romano,Corporate,Brazil,South America,497
Patricia Kim,Consumer,Australia,Asia Pacific,498
Patricia Martinez,Home Office,UAE,Middle East & Africa,499
Richard Moreau,Corporate,UAE,Middle East & Africa,500
Hanna Kumar,Consumer,Argentina,South America,501
Jessica Müller,Home Office,United Kingdom,Europe,502
Sarah Li,Consumer,Saudi Arabia,Middle East & Africa,503
Ingrid Moreau,Consumer,United States,North America,504
Robert Taylor,Home Office,Brazil,South America,505
Layla Oliveira,Home Office,Italy,Europe,506
Sophie Martinez,Corporate,Germany,Europe,507
Liam Davis,Consumer,United Kingdom,Europe,508
Christopher Thompson,Consumer,Australia,Asia Pacific,509
Olga Müller,Consumer,United States,North America,510
James Harris,Corporate,Canada,North America,511
Maria Tanaka,Corporate,UAE,Middle East & Africa,512
Isabella Li,Consumer,France,Europe,513
Kenji Romano,Corporate,Canada,North America,514
Oscar Thompson,Consumer,Germany,Europe,515
Amir Park,Consumer,UAE,Middle East & Africa,516
Ethan Clark,Consumer,South Korea,Asia Pacific,517
Barbara Weber,Home Office,United Kingdom,Europe,518
Susan Jackson,Corporate,France,Europe,519
Maria Costa,Corporate,South Africa,Middle East & Africa,520
Joseph Chen,Corporate,Italy,Europe,521
Robert Clark,Corporate,South Africa,Middle East & Africa,522
Jessica Weber,Home Office,Saudi Arabia,Middle East & Africa,523
Liam Jones,Consumer,South Korea,Asia Pacific,524
Li Sharma,Consumer,Nigeria,Middle East & Africa,525
Sarah Tanaka,Corporate,China,Asia Pacific,526
Susan Weber,Corporate,Spain,Europe,527
Nadia Tanaka,Corporate,Italy,Europe,528
Sakura Rodriguez,Corporate,United States,North America,529
Michael Sato,Corporate,Japan,Asia Pacific,530
Felix Müller,Corporate,Japan,Asia Pacific,531
Barbara Davis,Home Office,France,Europe,532
Lucas Suzuki,Consumer,Canada,North America,533
Nadia Tanaka,Corporate,Argentina,South America,534
Linda Russo,Consumer,Japan,Asia Pacific,535
Thomas Rodriguez,Corporate,Argentina,South America,536
Ayumi Garcia,Consumer,Mexico,North America,537
Karen Robinson,Home Office,China,Asia Pacific,538
Elizabeth Fischer,Corporate,Canada,North America,539
Fatima Williams,Consumer,Colombia,South America,540
Layla Anderson,Home Office,Australia,Asia Pacific,541
Ali Li,Corporate,Italy,Europe,542
Fatima Kim,Corporate,Germany,Europe,543
Elizabeth Johansson,Consumer,Brazil,South America,544
Sarah Suzuki,Home Office,Canada,North America,545
Jamal Robinson,Home Office,South Korea,Asia Pacific,546
Susan Chen,Corporate,China,Asia Pacific,547
Kenji Martin,Home Office,Nigeria,Middle East & Africa,548
Zara Miller,Consumer,United Kingdom,Europe,549
Diego Jones,Corporate,China,Asia Pacific,550
Fatima Brown,Consumer,France,Europe,551
Hanna Johnson,Home Office,Australia,Asia Pacific,552
Ahmed Pereira,Consumer,India,Asia Pacific,553
Fatima Yamamoto,Consumer,South Africa,Middle East & Africa,554
Joseph Romano,Consumer,Argentina,South America,555
Sarah Sharma,Consumer,France,Europe,556
Linda Laurent,Consumer,Germany,Europe,557
Ahmed Taylor,Consumer,Colombia,South America,558
Diego Robinson,Corporate,China,Asia Pacific,559
Ethan Wang,Corporate,Germany,Europe,560
Wei Smith,Home Office,Japan,Asia Pacific,561
Jennifer Kim,Consumer,United States,North America,562
Jessica Park,Consumer,China,Asia Pacific,563
Emma Jackson,Consumer,United States,North America,564
Zara Nilsson,Consumer,Canada,North America,565
Oscar Thomas,Consumer,India,Asia Pacific,566
Priya Leroy,Corporate,South Korea,Asia Pacific,567
Christopher Leroy,Corporate,Germany,Europe,568
Jennifer Romano,Corporate,Spain,Europe,569
Felix Laurent,Corporate,Canada,North America,570
Raj Anderson,Consumer,Argentina,South America,571
Fatima Patel,Consumer,Canada,North America,572
Giulia Rossi,Corporate,Australia,Asia Pacific,573
Kenji Moreau,Corporate,Canada,North America,574
Karen Khan,Consumer,China,Asia Pacific,575
Olga Thompson,Consumer,Colombia,South America,576
Wei Fischer,Consumer,Argentina,South America,577
Ali Romano,Corporate,Japan,Asia Pacific,578
Omar Costa,Corporate,United States,North America,579
Diego Hassan,Consumer,France,Europe,580
Xiao Rodriguez,Home Office,Italy,Europe,581
Ethan Khan,Corporate,Mexico,North America,582
Oscar Costa,Consumer,United Kingdom,Europe,583
Jessica Hassan,Corporate,Italy,Europe,584
Linda Kumar,Consumer,Mexico,North America,585
Isabella Harris,Consumer,Colombia,South America,586
Joseph Suzuki,Consumer,United States,North America,587
Xiao Harris,Consumer,China,Asia Pacific,588
Pierre Leroy,Corporate,Colombia,South America,589
Sarah Khan,Consumer,Spain,Europe,590
Zara Nilsson,Corporate,India,Asia Pacific,591
Susan Leroy,Consumer,Brazil,South America,592
Christopher Khan,Consumer,India,Asia Pacific,593
Ivan Jones,Corporate,Mexico,North America,594
Fatima Ferrari,Corporate,Japan,Asia Pacific,595
Amir Laurent,Home Office,Canada,North America,596
Zara Leroy,Corporate,Japan,Asia Pacific,597
Felix Laurent,Home Office,Australia,Asia Pacific,598
Chen Nilsson,Home Office,United Kingdom,Europe,599
Emma Sharma,Consumer,Mexico,North America,600
Isabella Rossi,Home Office,Canada,North America,601
Hans Martin,Consumer,Japan,Asia Pacific,602
Jennifer Santos,Consumer,United States,North America,603
Nadia Rossi,Consumer,Japan,Asia Pacific,604
John Ferrari,Consumer,Canada,North America,605
Thomas Ferrari,Consumer,Mexico,North America,606
Amina Jones,Consumer,Mexico,North America,607
Richard Yamamoto,Consumer,UAE,Middle East & Africa,608
Lucas Li,Corporate,India,Asia Pacific,609
William Miller,Corporate,India,Asia Pacific,610
Wei Hassan,Corporate,India,Asia Pacific,611
Olivia Laurent,Consumer,Canada,North America,612
Raj Khan,Home Office,United States,North America,613
Ava Garcia,Consumer,Mexico,North America,614
Wei Fischer,Consumer,Mexico,North America,615
Ayumi Kumar,Corporate,Mexico,North America,616
Elizabeth Weber,Consumer,Italy,Europe,617
Liam Costa,Consumer,Colombia,South America,618
Sarah Thompson,Consumer,United Kingdom,Europe,619
Elizabeth Dubois,Consumer,Japan,Asia Pacific,620
Robert Dubois,Corporate,United States,North America,621
Liam Rossi,Corporate,Australia,Asia Pacific,622
David White,Home Office,Mexico,North America,623
Oscar Martinez,Corporate,Mexico,North America,624
Hans Robinson,Consumer,Canada,North America,625
Carlos Ali,Consumer,Canada,North America,626
Isabella Johansson,Consumer,Nigeria,Middle East & Africa,627
Ava Li,Corporate,Argentina,South America,628
Noah Chen,Consumer,Germany,Europe,629
Giulia Williams,Corporate,United Kingdom,Europe,630
Wei Santos,Consumer,Australia,Asia Pacific,631
Sophie Miller,Home Office,United States,North America,632
Linda Martin,Consumer,United States,North America,633
Karen Smith,Consumer,Spain,Europe,634
William Chen,Consumer,France,Europe,635
Diego Anderson,Consumer,Nigeria,Middle East & Africa,636
Ingrid Zhang,Corporate,Australia,Asia Pacific,637
Giulia Johnson,Corporate,South Korea,Asia Pacific,638
Kenji Schmidt,Consumer,Canada,North America,639
Mary Laurent,Consumer,Canada,North America,640
Maria Miller,Corporate,Canada,North America,641
Amina Taylor,Home Office,Germany,Europe,642
Zara Smith,Corporate,United States,North America,643
Diego Thomas,Consumer,Nigeria,Middle East & Africa,644
Isabella Johnson,Consumer,Saudi Arabia,Middle East & Africa,645
Elizabeth Harris,Home Office,Australia,Asia Pacific,646
Sarah Rossi,Consumer,Mexico,North America,647
Felix Davis,Home Office,Mexico,North America,648
Hans Rossi,Home Office,India,Asia Pacific,649
James Ferrari,Consumer,Colombia,South America,650
Joseph Martinez,Consumer,South Korea,Asia Pacific,651
David Leroy,Corporate,Saudi Arabia,Middle East & Africa,652
Ava Yamamoto,Corporate,India,Asia Pacific,653
Priya Costa,Corporate,South Korea,Asia Pacific,654
Priya Martin,Home Office,Mexico,North America,655
Olivia Patel,Home Office,France,Europe,656
Barbara Sharma,Corporate,United Kingdom,Europe,657
Liam Romano,Home Office,France,Europe,658
Olga Davis,Consumer,India,Asia Pacific,659
Noah Ali,Consumer,Japan,Asia Pacific,660
Ayumi Tanaka,Corporate,Colombia,South America,661
Isabella Anderson,Corporate,South Korea,Asia Pacific,662
Raj Singh,Consumer,South Korea,Asia Pacific,663
Ali Weber,Corporate,China,Asia Pacific,664
John Miller,Home Office,Canada,North America,665
Ahmed Jackson,Consumer,Argentina,South America,666
Hanna Dubois,Corporate,Australia,Asia Pacific,667
Priya Li,Consumer,Colombia,South America,668
Priya Johansson,Consumer,India,Asia Pacific,669
Sarah Johnson,Consumer,Germany,Europe,670
James Li,Home Office,Mexico,North America,671
Olga Pereira,Consumer,Italy,Europe,672
Ali Miller,Home Office,Canada,North America,673
Chen Johansson,Corporate,Colombia,South America,674
Jamal Patel,Consumer,United Kingdom,Europe,675
Diego Nilsson,Consumer,Italy,Europe,676
Jessica Kim,Corporate,Brazil,South America,677
Olga Ahmed,Consumer,Italy,Europe,678
Hans Costa,Consumer,Mexico,North America,679
Carlos Ahmed,Consumer,Canada,North America,680
Ivan Li,Consumer,United States,North America,681
Ayumi Suzuki,Corporate,Colombia,South America,682
Hanna Taylor,Home Office,Mexico,North America,683
Linda Müller,Corporate,Canada,North America,684
Priya Smith,Consumer,Spain,Europe,685
William Ahmed,Home Office,Mexico,North America,686
Nadia Martin,Home Office,China,Asia Pacific,687
Jennifer Khan,Corporate,France,Europe,688
Karen Wang,Home Office,Colombia,South America,689
Maria Khan,Home Office,South Africa,Middle East & Africa,690
Olivia Miller,Consumer,Mexico,North America,691
Ivan Dubois,Consumer,United Kingdom,Europe,692
Thomas Miller,Consumer,South Korea,Asia Pacific,693
Barbara Davis,Home Office,United States,North America,694
Ayumi Martinez,Consumer,South Africa,Middle East & Africa,695
Felix Taylor,Home Office,Mexico,North America,696
Mia Clark,Consumer,Japan,Asia Pacific,697
William Kim,Consumer,South Korea,Asia Pacific,698
Ivan Smith,Corporate,Canada,North America,699
Susan Zhang,Consumer,Canada,North America,700
Yuki Chen,Consumer,China,Asia Pacific,701
Jamal Jones,Home Office,Mexico,North America,702
James Kumar,Corporate,Mexico,North America,703
Zara Müller,Corporate,Japan,Asia Pacific,704
Thomas Rodriguez,Consumer,United States,North America,705
Richard Rodriguez,Corporate,United Kingdom,Europe,706
Noah Leroy,Corporate,France,Europe,707
Kenji White,Corporate,Canada,North America,708
Nadia Zhang,Consumer,South Korea,Asia Pacific,709
Liam Tanaka,Corporate,United States,North America,710
Clara Rodriguez,Corporate,United States,North America,711
Oscar Pereira,Corporate,China,Asia Pacific,712
Oscar Khan,Consumer,United States,North America,713
Amir Garcia,Corporate,South Africa,Middle East & Africa,714
Chen Thompson,Consumer,Mexico,North America,715
Clara Sato,Home Office,Japan,Asia Pacific,716
Thomas Suzuki,Corporate,United States,North America,717
Mary Russo,Home Office,Argentina,South America,718
Fatima Jones,Corporate,Mexico,North America,719
Ayumi White,Corporate,Italy,Europe,720
Olga Pereira,Home Office,Australia,Asia Pacific,721
Kenji Dubois,Home Office,Spain,Europe,722
Marco Sharma,Corporate,Germany,Europe,723
Yuki Ferrari,Corporate,United States,North America,724
Ahmed Singh,Corporate,United States,North America,725
Hans Patel,Corporate,South Korea,Asia Pacific,726
Priya Laurent,Consumer,Spain,Europe,727
Clara Miller,Consumer,Italy,Europe,728
Yuki Martin,Consumer,Spain,Europe,729
Hans Martinez,Consumer,Japan,Asia Pacific,730
John Zhang,Home Office,United Kingdom,Europe,731
Nadia Martin,Consumer,South Korea,Asia Pacific,732
Jennifer Ali,Corporate,Argentina,South America,733
Jennifer Martinez,Corporate,UAE,Middle East & Africa,734
Marco Hassan,Consumer,Mexico,North America,735
Maria Zhang,Corporate,Argentina,South America,736
Patricia Khan,Consumer,Spain,Europe,737
Susan Zhang,Consumer,Saudi Arabia,Middle East & Africa,738
Lucas Rodriguez,Consumer,United States,North America,739
Omar Costa,Corporate,Saudi Arabia,Middle East & Africa,741
Omar Williams,Consumer,South Korea,Asia Pacific,742
Li Laurent,Consumer,United States,North America,743
Elizabeth Singh,Corporate,Australia,Asia Pacific,744
Olivia Anderson,Corporate,Italy,Europe,745
Hanna Leroy,Corporate,France,Europe,746
Chen Santos,Corporate,Mexico,North America,747
Oscar Wang,Home Office,United Kingdom,Europe,748
Maria Ferrari,Corporate,United States,North America,749
Jennifer Tanaka,Consumer,Canada,North America,750
Karen Anderson,Consumer,United Kingdom,Europe,751
Susan Li,Corporate,France,Europe,752
Patricia Clark,Consumer,South Africa,Middle East & Africa,753
Giulia Anderson,Consumer,United States,North America,754
John Robinson,Corporate,France,Europe,755
Kenji Davis,Home Office,Italy,Europe,756
Priya Nilsson,Corporate,Australia,Asia Pacific,757
Chen Patel,Home Office,Canada,North America,758
Sarah Chen,Consumer,Mexico,North America,759
Michael Garcia,Consumer,United States,North America,760
Noah Clark,Corporate,UAE,Middle East & Africa,761
Priya Rodriguez,Consumer,China,Asia Pacific,762
Sakura Smith,Corporate,Brazil,South America,763
Nadia Harris,Corporate,China,Asia Pacific,764
Carlos Martinez,Consumer,Colombia,South America,765
Fatima Williams,Home Office,China,Asia Pacific,766
Clara Johnson,Consumer,China,Asia Pacific,767
Elizabeth Sharma,Consumer,United Kingdom,Europe,768
Olivia Sato,Consumer,United States,North America,769
William Clark,Consumer,India,Asia Pacific,770
William Smith,Consumer,Nigeria,Middle East & Africa,771
Maria Costa,Consumer,France,Europe,772
Emma Moreau,Consumer,Germany,Europe,773
Layla Park,Corporate,Mexico,North America,774
James Wang,Home Office,China,Asia Pacific,775
Nadia Johansson,Home Office,Nigeria,Middle East & Africa,776
Hanna Müller,Consumer,Saudi Arabia,Middle East & Africa,777
Hanna Brown,Home Office,France,Europe,778
Noah Müller,Consumer,Colombia,South America,779
Barbara Sato,Consumer,United States,North America,780
Wei Jones,Home Office,South Korea,Asia Pacific,781
Ivan Patel,Consumer,Italy,Europe,782
Fatima Singh,Corporate,Australia,Asia Pacific,783
Giulia Nilsson,Consumer,Japan,Asia Pacific,784
Nadia Romano,Corporate,United Kingdom,Europe,785
Amir Khan,Consumer,Japan,Asia Pacific,786
Chen Dubois,Corporate,France,Europe,788
Hans Harris,Consumer,United States,North America,789
Xiao Ali,Corporate,Saudi Arabia,Middle East & Africa,790
Jessica Patel,Home Office,Mexico,North America,791
Patricia Rossi,Consumer,Argentina,South America,792
Chen Patel,Corporate,Germany,Europe,794
Oscar Kim,Home Office,Argentina,South America,795
Ivan Zhang,Home Office,Canada,North America,796
Mary Weber,Consumer,France,Europe,797
Nadia Laurent,Consumer,Australia,Asia Pacific,798
Fatima Fischer,Home Office,Spain,Europe,799
Sarah Moreau,Corporate,France,Europe,800
Jessica Costa,Consumer,Japan,Asia Pacific,801
Isabella Yamamoto,Corporate,Italy,Europe,802
Ayumi Miller,Corporate,South Korea,Asia Pacific,803
Karen Tanaka,Corporate,Japan,Asia Pacific,804
Emma Kim,Consumer,India,Asia Pacific,805
Mia Smith,Consumer,France,Europe,806
Ahmed Clark,Corporate,Japan,Asia Pacific,807
Noah Martinez,Home Office,Mexico,North America,808
Jennifer Ferrari,Consumer,Mexico,North America,809
Sakura Thomas,Consumer,France,Europe,810
Raj Li,Consumer,Mexico,North America,811
Sakura Rodriguez,Consumer,United States,North America,812
Chen Martin,Consumer,Germany,Europe,813
Olivia Nilsson,Consumer,Brazil,South America,814
Olivia Robinson,Consumer,Japan,Asia Pacific,815
Susan Hassan,Home Office,France,Europe,816
Richard Kumar,Consumer,South Korea,Asia Pacific,817
Amir Wang,Consumer,United States,North America,818
Marco Weber,Consumer,United States,North America,819
Michael Sharma,Home Office,United States,North America,820
Richard Garcia,Corporate,Nigeria,Middle East & Africa,821
Wei Müller,Consumer,India,Asia Pacific,822
Olga Anderson,Home Office,China,Asia Pacific,823
Robert Schmidt,Consumer,United Kingdom,Europe,824
Michael Taylor,Corporate,South Korea,Asia Pacific,825
Sakura Oliveira,Consumer,United Kingdom,Europe,826
Hans Kumar,Consumer,Japan,Asia Pacific,827
Hans Müller,Consumer,UAE,Middle East & Africa,828
Clara Singh,Consumer,Australia,Asia Pacific,829
Ahmed Johansson,Corporate,Brazil,South America,830
Wei Johnson,Home Office,Australia,Asia Pacific,831
Michael Ferrari,Corporate,South Africa,Middle East & Africa,832
Kenji Romano,Corporate,France,Europe,833
Zara Chen,Corporate,Germany,Europe,834
Michael Kim,Consumer,Mexico,North America,835
Amina Clark,Consumer,France,Europe,836
Robert Chen,Consumer,China,Asia Pacific,837
Ali Thomas,Consumer,South Korea,Asia Pacific,838
Layla Kumar,Corporate,Australia,Asia Pacific,839
Karen Nilsson,Consumer,South Korea,Asia Pacific,840
Mia Martin,Home Office,France,Europe,841
Priya Brown,Home Office,France,Europe,842
Isabella Laurent,Corporate,Germany,Europe,843
Barbara Nilsson,Corporate,Australia,Asia Pacific,844
Ahmed Santos,Home Office,Japan,Asia Pacific,845
Fatima Williams,Home Office,United States,North America,846
Sophie White,Corporate,Argentina,South America,847
Karen Sato,Corporate,Brazil,South America,848
Ali Wang,Consumer,UAE,Middle East & Africa,849
Omar Fischer,Corporate,South Korea,Asia Pacific,850
Felix White,Consumer,Australia,Asia Pacific,851
Layla Li,Consumer,Brazil,South America,852
Kenji Sharma,Corporate,Brazil,South America,853
Ethan Li,Home Office,Mexico,North America,854
Linda Sato,Corporate,Mexico,North America,855
Ali Dubois,Corporate,Japan,Asia Pacific,856
Wei Li,Consumer,South Africa,Middle East & Africa,857
Clara Romano,Consumer,United Kingdom,Europe,858
Priya Williams,Corporate,Canada,North America,859
Lucas Brown,Home Office,United States,North America,860
Oscar Thompson,Home Office,India,Asia Pacific,861
Wei Rodriguez,Consumer,China,Asia Pacific,862
Carlos Robinson,Corporate,Brazil,South America,863
Jessica Martin,Consumer,India,Asia Pacific,864
Jamal Khan,Corporate,Colombia,South America,865
Lucas Russo,Home Office,Canada,North America,866
Amir Li,Consumer,Canada,North America,867
Wei Martinez,Corporate,Italy,Europe,868
Lucas Russo,Home Office,Italy,Europe,869
Patricia Weber,Consumer,Mexico,North America,870
Olivia Williams,Consumer,India,Asia Pacific,871
Amina Harris,Corporate,Australia,Asia Pacific,872
Nadia Costa,Consumer,Canada,North America,873
Amir Yamamoto,Consumer,United Kingdom,Europe,874
Wei Patel,Consumer,China,Asia Pacific,875
Oscar Kim,Corporate,South Africa,Middle East & Africa,876
Layla Thomas,Corporate,Japan,Asia Pacific,877
Maria Anderson,Consumer,Australia,Asia Pacific,878
Priya Leroy,Consumer,Brazil,South America,879
Kenji Anderson,Corporate,Australia,Asia Pacific,880
Raj Rodriguez,Consumer,China,Asia Pacific,881
Sarah Robinson,Consumer,Nigeria,Middle East & Africa,882
Jessica Yamamoto,Corporate,China,Asia Pacific,883
Ava Harris,Consumer,Italy,Europe,884
James Ahmed,Corporate,United States,North America,885
Olga Thompson,Consumer,Spain,Europe,886
Zara White,Consumer,UAE,Middle East & Africa,887
Priya Kumar,Consumer,United Kingdom,Europe,888
Ethan Kumar,Corporate,Mexico,North America,889
Ingrid Müller,Corporate,United States,North America,890
Mia Sharma,Consumer,Italy,Europe,891
Karen Ferrari,Consumer,United States,North America,892
Sophie Schmidt,Consumer,Brazil,South America,893
Sakura Smith,Corporate,Mexico,North America,894
Hanna Robinson,Consumer,Italy,Europe,895
John Laurent,Consumer,United Kingdom,Europe,896
Jessica Russo,Home Office,India,Asia Pacific,897
Mary Garcia,Home Office,United States,North America,898
Robert Thompson,Corporate,Japan,Asia Pacific,899
Sophie Martin,Corporate,Canada,North America,900
David Smith,Consumer,UAE,Middle East & Africa,901
Mia Jones,Corporate,India,Asia Pacific,902
Olivia Wang,Consumer,Japan,Asia Pacific,903
Emma Dubois,Home Office,Spain,Europe,904
Richard Brown,Consumer,United Kingdom,Europe,905
Marco Santos,Consumer,Mexico,North America,906
David Laurent,Consumer,United States,North America,907
James Brown,Consumer,Italy,Europe,908
Oscar Anderson,Corporate,India,Asia Pacific,909
Clara Romano,Consumer,India,Asia Pacific,910
Amina Russo,Corporate,India,Asia Pacific,911
Michael Ferrari,Consumer,China,Asia Pacific,912
Jamal Williams,Corporate,Italy,Europe,913
James White,Corporate,UAE,Middle East & Africa,914
William Ferrari,Consumer,France,Europe,915
Olivia Davis,Home Office,Colombia,South America,916
Richard Johnson,Consumer,South Africa,Middle East & Africa,917
Lucas Williams,Corporate,France,Europe,918
Emma Nilsson,Corporate,China,Asia Pacific,919
Barbara Ali,Home Office,Japan,Asia Pacific,920
Omar Nilsson,Consumer,Spain,Europe,921
Yuki Johnson,Corporate,Germany,Europe,922
Giulia Miller,Consumer,Mexico,North America,923
Fatima Smith,Consumer,Argentina,South America,924
Hanna Kim,Consumer,Saudi Arabia,Middle East & Africa,925
Emma Weber,Corporate,Colombia,South America,926
Susan Kumar,Consumer,Canada,North America,927
Diego Schmidt,Consumer,South Africa,Middle East & Africa,928
Sophie Weber,Consumer,United States,North America,929
Joseph Martinez,Consumer,Australia,Asia Pacific,930
Li Khan,Home Office,Germany,Europe,931
Nadia Pereira,Consumer,India,Asia Pacific,932
Wei Taylor,Home Office,Japan,Asia Pacific,933
Michael Yamamoto,Consumer,United States,North America,934
Joseph Johansson,Consumer,Mexico,North America,935
Xiao Kumar,Home Office,Australia,Asia Pacific,936
Wei Costa,Home Office,Argentina,South America,937
Elizabeth Taylor,Corporate,Italy,Europe,938
Emma Tanaka,Home Office,Argentina,South America,939
Olga Romano,Consumer,Canada,North America,940
Olga Robinson,Consumer,United States,North America,942
Joseph Russo,Consumer,Australia,Asia Pacific,943
Karen Smith,Consumer,Colombia,South America,944
Chen Tanaka,Corporate,China,Asia Pacific,945
Sarah Jackson,Corporate,South Africa,Middle East & Africa,946
Olivia Pereira,Home Office,United States,North America,947
Yuki Thompson,Home Office,Canada,North America,948
Ahmed Singh,Corporate,Mexico,North America,949
Liam Kim,Consumer,Italy,Europe,950
Linda Suzuki,Corporate,Canada,North America,951
Pierre Jackson,Corporate,Argentina,South America,952
Barbara Dubois,Corporate,Canada,North America,953
Xiao Johnson,Consumer,Mexico,North America,954
Carlos Thompson,Consumer,Argentina,South America,955
Olga Suzuki,Consumer,Canada,North America,956
Ali Sato,Corporate,Canada,North America,957
Ethan Johnson,Home Office,India,Asia Pacific,958
Ava Patel,Home Office,Nigeria,Middle East & Africa,959
Sakura Müller,Corporate,Spain,Europe,960
Nadia Zhang,Consumer,India,Asia Pacific,961
Nadia Anderson,Consumer,Spain,Europe,962
Marco Sharma,Consumer,Argentina,South America,963
Oscar Miller,Corporate,Saudi Arabia,Middle East & Africa,964
Omar Russo,Consumer,China,Asia Pacific,965
Carlos Schmidt,Home Office,France,Europe,966
Thomas Rodriguez,Corporate,Brazil,South America,967
Nadia Davis,Home Office,Mexico,North America,968
Maria Hassan,Consumer,France,Europe,969
Sophie Li,Consumer,Japan,Asia Pacific,970
Hans Schmidt,Consumer,Mexico,North America,971
Maria Weber,Corporate,Spain,Europe,972
Priya Robinson,Consumer,Mexico,North America,973
Fatima Robinson,Corporate,France,Europe,974
Joseph Singh,Consumer,Italy,Europe,975
Maria Rossi,Consumer,Australia,Asia Pacific,976
Omar Williams,Consumer,Mexico,North America,977
Raj Weber,Consumer,Spain,Europe,978
Omar Rodriguez,Corporate,Australia,Asia Pacific,979
Ayumi Moreau,Consumer,Spain,Europe,980
Sarah Clark,Home Office,France,Europe,981
Li Oliveira,Consumer,United States,North America,982
Pierre Weber,Corporate,United Kingdom,Europe,983
Felix Ahmed,Consumer,Germany,Europe,984
Clara Tanaka,Corporate,United States,North America,985
Mary Clark,Consumer,Mexico,North America,986
Li Rossi,Corporate,Spain,Europe,987
Felix Smith,Consumer,Mexico,North America,988
Christopher Brown,Corporate,Canada,North America,989
Ingrid Davis,Consumer,Argentina,South America,990
Priya Oliveira,Consumer,United Kingdom,Europe,991
Hanna White,Consumer,France,Europe,992
Michael Schmidt,Corporate,Canada,North America,993
Ivan Ahmed,Home Office,United States,North America,994
Sophie Clark,Consumer,Germany,Europe,995
Amina Clark,Home Office,Canada,North America,996
Karen Anderson,Corporate,United States,North America,997
Hans Fischer,Consumer,Australia,Asia Pacific,998
Priya Jones,Consumer,Australia,Asia Pacific,999
Olga Suzuki,Corporate,United States,North America,1000
Olivia Patel,Consumer,Australia,Asia Pacific,1001
John Ferrari,Consumer,United Kingdom,Europe,1002
Ayumi Harris,Consumer,United Kingdom,Europe,1003
Pierre Rodriguez,Home Office,Mexico,North America,1004
Amina Romano,Corporate,UAE,Middle East & Africa,1005
Mia White,Corporate,Canada,North America,1006
Ali Oliveira,Consumer,Mexico,North America,1007
David Garcia,Consumer,France,Europe,1008
Li Davis,Home Office,United States,North America,1009
Mary Rodriguez,Consumer,United States,North America,1010
Mia Romano,Corporate,Japan,Asia Pacific,1011
William Chen,Corporate,France,Europe,1012
Clara Leroy,Consumer,Australia,Asia Pacific,1013
Ali Jones,Consumer,Spain,Europe,1014
Wei Sato,Consumer,Canada,North America,1015
Priya Weber,Consumer,South Korea,Asia Pacific,1016
Linda Patel,Consumer,United Kingdom,Europe,1017
Sakura Jones,Corporate,United States,North America,1018
Robert Khan,Consumer,Canada,North America,1019
Hans White,Home Office,Brazil,South America,1020
Sarah Chen,Consumer,Germany,Europe,1021
Christopher Schmidt,Consumer,Canada,North America,1022
William Moreau,Consumer,United States,North America,1023
Felix Romano,Consumer,France,Europe,1024
Hanna Ali,Home Office,United Kingdom,Europe,1025
Susan Schmidt,Consumer,United Kingdom,Europe,1026
Amir Ali,Consumer,India,Asia Pacific,1027
Christopher Leroy,Consumer,United States,North America,1028
Hans Hassan,Corporate,Argentina,South America,1029
Layla Zhang,Corporate,United States,North America,1030
Sarah Harris,Consumer,Mexico,North America,1031
Noah Hassan,Consumer,Japan,Asia Pacific,1032
Priya Schmidt,Consumer,Australia,Asia Pacific,1033
Amir Smith,Home Office,Canada,North America,1034
Chen Anderson,Corporate,Mexico,North America,1035
Raj Patel,Corporate,Canada,North America,1036
Mary Oliveira,Consumer,South Korea,Asia Pacific,1037
Christopher Brown,Corporate,United States,North America,1038
Felix White,Home Office,Italy,Europe,1039
Hans Johnson,Consumer,France,Europe,1040
Ivan Martinez,Home Office,South Korea,Asia Pacific,1041
Nadia Wang,Consumer,Saudi Arabia,Middle East & Africa,1042
Jessica Suzuki,Corporate,India,Asia Pacific,1043
Priya Ferrari,Consumer,Mexico,North America,1044
Elizabeth Singh,Home Office,Mexico,North America,1045
Raj Santos,Consumer,Canada,North America,1046
Thomas Wang,Home Office,United States,North America,1047
Zara Anderson,Corporate,United Kingdom,Europe,1048
Jennifer Anderson,Corporate,Mexico,North America,1049
Emma Suzuki,Consumer,South Korea,Asia Pacific,1050
Sarah Patel,Home Office,United States,North America,1051
Lucas Moreau,Home Office,Italy,Europe,1052
Richard Patel,Consumer,Japan,Asia Pacific,1053
Karen Hassan,Consumer,South Korea,Asia Pacific,1054
Wei Suzuki,Consumer,Argentina,South America,1055
Thomas Yamamoto,Consumer,United States,North America,1056
Jamal Sharma,Corporate,Germany,Europe,1057
Lucas Laurent,Consumer,Colombia,South America,1058
Xiao Romano,Corporate,Mexico,North America,1059
Amina Thomas,Consumer,Mexico,North America,1060
Olga Li,Corporate,South Korea,Asia Pacific,1061
Kenji Wang,Consumer,Spain,Europe,1062
Jamal Nilsson,Consumer,Argentina,South America,1063
Sophie Williams,Corporate,South Korea,Asia Pacific,1064
Ahmed Anderson,Home Office,China,Asia Pacific,1065
Felix Schmidt,Corporate,Canada,North America,1066
Hans Anderson,Consumer,Japan,Asia Pacific,1067
Ingrid Martin,Corporate,United Kingdom,Europe,1068
Yuki Kim,Corporate,United States,North America,1069
Diego Thomas,Consumer,United States,North America,1070
Karen Rossi,Consumer,South Korea,Asia Pacific,1071
Amina Wang,Consumer,United States,North America,1072
Richard Costa,Consumer,Mexico,North America,1073
Oscar Johansson,Consumer,China,Asia Pacific,1074
Ingrid Laurent,Consumer,Canada,North America,1075
Hans Park,Corporate,Italy,Europe,1076
Wei Thompson,Consumer,India,Asia Pacific,1077
Ethan Williams,Consumer,Mexico,North America,1078
Sarah Khan,Home Office,Italy,Europe,1079
Ali Patel,Consumer,Saudi Arabia,Middle East & Africa,1080
Noah Dubois,Consumer,Mexico,North America,1081
Ivan Müller,Consumer,France,Europe,1082
Jessica Williams,Consumer,United States,North America,1083
Clara Schmidt,Corporate,Brazil,South America,1084
Pierre Patel,Consumer,Germany,Europe,1085
Olivia Garcia,Home Office,United States,North America,1086
David Suzuki,Consumer,UAE,Middle East & Africa,1087
Christopher Müller,Consumer,Mexico,North America,1088
William Robinson,Consumer,Canada,North America,1089
Omar Weber,Home Office,Brazil,South America,1090
Linda Fischer,Consumer,United States,North America,1091
Ivan Thomas,Home Office,Colombia,South America,1092
Maria Costa,Consumer,Japan,Asia Pacific,1093
Layla Johansson,Consumer,United Kingdom,Europe,1094
Richard Tanaka,Corporate,India,Asia Pacific,1095
Joseph Romano,Consumer,Brazil,South America,1096
Liam Nilsson,Home Office,United Kingdom,Europe,1097
Elizabeth Chen,Home Office,Canada,North America,1098
Omar Costa,Corporate,Mexico,North America,1099
Linda Santos,Corporate,United Kingdom,Europe,1100
Ingrid White,Consumer,Australia,Asia Pacific,1101
Amir Moreau,Home Office,India,Asia Pacific,1102
Isabella Ferrari,Corporate,Germany,Europe,1103
Xiao Martin,Home Office,Mexico,North America,1104
Oscar Williams,Corporate,United States,North America,1105
Ayumi Thomas,Consumer,South Africa,Middle East & Africa,1106
Jamal Pereira,Consumer,United States,North America,1107
William Romano,Consumer,Canada,North America,1108
Zara Harris,Corporate,Canada,North America,1109
Pierre Smith,Consumer,Spain,Europe,1110
Zara Clark,Consumer,Brazil,South America,1111
Carlos Yamamoto,Consumer,Mexico,North America,1112
Yuki Pereira,Corporate,Canada,North America,1113
Isabella Johansson,Corporate,South Africa,Middle East & Africa,1114
Carlos Ferrari,Home Office,Mexico,North America,1115
Diego Miller,Consumer,Italy,Europe,1116
Robert Garcia,Consumer,Germany,Europe,1117
Sakura Garcia,Home Office,Spain,Europe,1118
Amina Taylor,Consumer,India,Asia Pacific,1119
James Ferrari,Consumer,Canada,North America,1120
Maria Thomas,Corporate,China,Asia Pacific,1121
Mia Ali,Corporate,Colombia,South America,1122
Omar Dubois,Home Office,Australia,Asia Pacific,1123
Sarah Miller,Corporate,Colombia,South America,1124
Sarah Patel,Consumer,Japan,Asia Pacific,1125
Wei Patel,Corporate,Colombia,South America,1126
Mia Chen,Consumer,Spain,Europe,1127
Isabella Jones,Corporate,Spain,Europe,1128
Pierre Jones,Corporate,United Kingdom,Europe,1129
Karen Ali,Consumer,India,Asia Pacific,1130
Amir Anderson,Corporate,United Kingdom,Europe,1131
Jennifer Yamamoto,Consumer,France,Europe,1132
Olivia Jones,Consumer,United Kingdom,Europe,1133
Mia Santos,Consumer,Japan,Asia Pacific,1134
Carlos Patel,Corporate,UAE,Middle East & Africa,1135
Olivia Johnson,Corporate,Brazil,South America,1136
Robert Leroy,Home Office,France,Europe,1137
Michael Tanaka,Consumer,Colombia,South America,1138
Thomas Chen,Home Office,Mexico,North America,1139
Lucas Nilsson,Consumer,United Kingdom,Europe,1140
Omar Dubois,Home Office,Spain,Europe,1141
Omar Thompson,Consumer,United Kingdom,Europe,1142
Raj Thompson,Home Office,China,Asia Pacific,1143
Hanna Sato,Consumer,United States,North America,1144
Diego Johansson,Consumer,UAE,Middle East & Africa,1145
Layla Romano,Corporate,China,Asia Pacific,1146
Ivan Williams,Corporate,India,Asia Pacific,1147
Sakura Thomas,Consumer,United States,North America,1148
Nadia Taylor,Corporate,South Africa,Middle East & Africa,1149
John Suzuki,Home Office,Canada,North America,1150
Oscar Martinez,Corporate,Colombia,South America,1151
Emma Müller,Consumer,Italy,Europe,1152
Mia Costa,Consumer,Germany,Europe,1153
Zara Thomas,Consumer,United States,North America,1154
Giulia Yamamoto,Consumer,Australia,Asia Pacific,1155
Hans Miller,Consumer,Italy,Europe,1156
Liam Schmidt,Consumer,Australia,Asia Pacific,1157
Olivia Sharma,Consumer,Mexico,North America,1158
John Wang,Home Office,Australia,Asia Pacific,1159
Mia Jones,Home Office,France,Europe,1160
Layla Patel,Consumer,Mexico,North America,1161
Linda Weber,Corporate,Japan,Asia Pacific,1162
Yuki Sharma,Corporate,Mexico,North America,1163
Maria Yamamoto,Consumer,China,Asia Pacific,1164
Omar Jackson,Home Office,Canada,North America,1165
Michael Ferrari,Consumer,Italy,Europe,1166
Nadia Wang,Consumer,Spain,Europe,1167
Nadia Martinez,Corporate,Mexico,North America,1168
Raj Schmidt,Consumer,China,Asia Pacific,1169
Li Miller,Consumer,United Kingdom,Europe,1170
Richard Santos,Consumer,India,Asia Pacific,1171
Jessica Taylor,Consumer,UAE,Middle East & Africa,1172
Wei Li,Consumer,China,Asia Pacific,1173
Patricia Santos,Home Office,China,Asia Pacific,1174
Linda Rodriguez,Corporate,Mexico,North America,1175
Wei Khan,Consumer,Mexico,North America,1176
Kenji Jones,Corporate,Canada,North America,1177
Isabella Schmidt,Consumer,Argentina,South America,1178
Maria Johnson,Corporate,United States,North America,1179
Sophie Johansson,Corporate,Saudi Arabia,Middle East & Africa,1180
Li Müller,Corporate,Japan,Asia Pacific,1181
Lucas Park,Consumer,Saudi Arabia,Middle East & Africa,1182
Ivan Romano,Consumer,China,Asia Pacific,1183
Thomas Johnson,Corporate,United States,North America,1184
Zara Hassan,Consumer,United States,North America,1185
Thomas Jackson,Home Office,South Africa,Middle East & Africa,1186
Ingrid Martinez,Home Office,Canada,North America,1187
Elizabeth Patel,Consumer,Argentina,South America,1188
Susan Patel,Corporate,Italy,Europe,1189
Hanna Thomas,Corporate,Germany,Europe,1190
Richard Jackson,Home Office,United Kingdom,Europe,1191
Olivia Nilsson,Home Office,Australia,Asia Pacific,1192
Giulia Li,Consumer,South Africa,Middle East & Africa,1193
Fatima Williams,Corporate,Italy,Europe,1194
Amina Harris,Consumer,United States,North America,1195
David Rodriguez,Consumer,South Korea,Asia Pacific,1196
Hanna Weber,Corporate,China,Asia Pacific,1197
William Ferrari,Corporate,United Kingdom,Europe,1198
Ava Miller,Consumer,China,Asia Pacific,1199
Giulia Brown,Consumer,Spain,Europe,1200
Marco Rodriguez,Consumer,Australia,Asia Pacific,1201
Li Rossi,Corporate,Brazil,South America,1202
Omar Thomas,Consumer,Italy,Europe,1203
Barbara Miller,Consumer,China,Asia Pacific,1204
Mary White,Consumer,United States,North America,1205
Raj Sato,Corporate,Brazil,South America,1206
Layla Garcia,Corporate,United States,North America,1207
David Schmidt,Consumer,Germany,Europe,1208
Priya Sato,Consumer,Spain,Europe,1209
Carlos Davis,Home Office,Australia,Asia Pacific,1210
Fatima Singh,Corporate,UAE,Middle East & Africa,1211
Barbara Moreau,Home Office,South Africa,Middle East & Africa,1212
Christopher Fischer,Consumer,United Kingdom,Europe,1213
James Harris,Consumer,India,Asia Pacific,1214
Layla Garcia,Consumer,France,Europe,1215
Ingrid Sato,Consumer,Canada,North America,1216
Zara Fischer,Consumer,India,Asia Pacific,1217
Sakura Ahmed,Corporate,United Kingdom,Europe,1219
Elizabeth Johnson,Home Office,Canada,North America,1220
Ethan Sato,Consumer,China,Asia Pacific,1221
Elizabeth Wang,Corporate,United States,North America,1222
Mia Laurent,Corporate,Germany,Europe,1223
Linda Thompson,Consumer,France,Europe,1224
Fatima Zhang,Consumer,United States,North America,1225
Mary Fischer,Consumer,Colombia,South America,1226
Hanna Sharma,Home Office,China,Asia Pacific,1227
Ayumi Laurent,Consumer,Argentina,South America,1228
Noah Ferrari,Consumer,Canada,North America,1229
Thomas Costa,Consumer,Italy,Europe,1230
Wei Wang,Consumer,Japan,Asia Pacific,1231
Ali Hassan,Home Office,Mexico,North America,1232
Layla Williams,Corporate,Japan,Asia Pacific,1233
Wei Moreau,Consumer,Germany,Europe,1234
Hans Miller,Home Office,United States,North America,1235
Omar Yamamoto,Home Office,France,Europe,1236
Nadia Dubois,Consumer,United States,North America,1237
Felix Romano,Corporate,Mexico,North America,1238
Zara Williams,Consumer,Japan,Asia Pacific,1239
Joseph Ali,Consumer,France,Europe,1240
Ahmed Tanaka,Corporate,United States,North America,1241
Ivan Robinson,Consumer,France,Europe,1242
Christopher Miller,Consumer,Australia,Asia Pacific,1243
Pierre Hassan,Home Office,United States,North America,1244
Sophie Kim,Consumer,Australia,Asia Pacific,1245
Ayumi Robinson,Corporate,United States,North America,1246
Amir Johansson,Consumer,Australia,Asia Pacific,1247
Li Miller,Consumer,France,Europe,1248
Lucas Müller,Consumer,China,Asia Pacific,1249
Clara Miller,Corporate,South Africa,Middle East & Africa,1250
James Oliveira,Corporate,United States,North America,1251
Sophie Pereira,Home Office,Spain,Europe,1252
Oscar Zhang,Consumer,United Kingdom,Europe,1253
Priya Smith,Consumer,Italy,Europe,1254
Carlos Sharma,Corporate,Mexico,North America,1255
Ava Fischer,Consumer,Mexico,North America,1256
Ivan Martin,Consumer,Italy,Europe,1257
Jennifer Romano,Consumer,Canada,North America,1258
Jessica Müller,Consumer,Australia,Asia Pacific,1259
Raj Johnson,Consumer,India,Asia Pacific,1260
Olivia Zhang,Home Office,Mexico,North America,1261
Ava Rodriguez,Corporate,France,Europe,1262
James Ali,Home Office,United States,North America,1263
Liam Patel,Home Office,Argentina,South America,1264
Oscar Anderson,Corporate,United Kingdom,Europe,1265
Ethan Moreau,Consumer,Spain,Europe,1266
Maria Suzuki,Corporate,Mexico,North America,1267
Sakura Thomas,Corporate,United States,North America,1268
Jessica Moreau,Corporate,United Kingdom,Europe,1269
Linda Smith,Consumer,Mexico,North America,1270
Sarah Santos,Consumer,Colombia,South America,1271
James Johansson,Corporate,Germany,Europe,1272
Pierre Weber,Consumer,United Kingdom,Europe,1273
Yuki Thomas,Corporate,Brazil,South America,1274
Nadia Harris,Home Office,Mexico,North America,1275
Clara Garcia,Consumer,Japan,Asia Pacific,1276
Lucas Sato,Corporate,Canada,North America,1277
Ingrid Yamamoto,Corporate,Japan,Asia Pacific,1278
Xiao Robinson,Corporate,Canada,North America,1279
Wei Ali,Corporate,France,Europe,1280
Jamal Wang,Consumer,United States,North America,1281
Ivan Moreau,Consumer,Canada,North America,1282
Sarah Johansson,Home Office,South Korea,Asia Pacific,1283
Maria Yamamoto,Consumer,Canada,North America,1284
Linda Harris,Consumer,UAE,Middle East & Africa,1285
Ivan Park,Consumer,China,Asia Pacific,1286
Elizabeth Leroy,Corporate,France,Europe,1287
Jennifer Zhang,Consumer,Australia,Asia Pacific,1288
Nadia Santos,Consumer,South Korea,Asia Pacific,1289
Mia Li,Corporate,Mexico,North America,1290
Ethan Johnson,Consumer,South Africa,Middle East & Africa,1291
Ahmed Ali,Consumer,Mexico,North America,1292
Ahmed Thomas,Corporate,Colombia,South America,1293
Ahmed Johnson,Corporate,Italy,Europe,1294
Thomas Thompson,Consumer,United States,North America,1295
Barbara Johnson,Corporate,China,Asia Pacific,1296
Isabella White,Corporate,India,Asia Pacific,1297
Jessica Nilsson,Home Office,Brazil,South America,1298
Zara Weber,Consumer,Japan,Asia Pacific,1299
Ivan Ali,Home Office,United States,North America,1300
Ava Rossi,Consumer,Italy,Europe,1301
Ayumi Taylor,Home Office,Spain,Europe,1302
Ahmed Sharma,Consumer,China,Asia Pacific,1303
Clara Müller,Consumer,Mexico,North America,1304
Clara Ali,Consumer,Canada,North America,1305
Sarah Davis,Consumer,South Africa,Middle East & Africa,1306
Ingrid Santos,Consumer,France,Europe,1307
Patricia Costa,Home Office,United Kingdom,Europe,1308
Liam Russo,Consumer,Germany,Europe,1309
Karen Romano,Consumer,Canada,North America,1310
Richard Park,Consumer,Nigeria,Middle East & Africa,1311
Mary Clark,Consumer,United States,North America,1312
Jamal Chen,Corporate,Saudi Arabia,Middle East & Africa,1313
Nadia Robinson,Home Office,China,Asia Pacific,1314
Giulia Johansson,Consumer,Japan,Asia Pacific,1315
Pierre Ahmed,Corporate,United Kingdom,Europe,1316
Zara Davis,Home Office,UAE,Middle East & Africa,1317
Liam Taylor,Corporate,South Korea,Asia Pacific,1318
Yuki Costa,Consumer,South Africa,Middle East & Africa,1319
Jamal Taylor,Consumer,Canada,North America,1321
Layla Ahmed,Home Office,Japan,Asia Pacific,1322
Ivan Jones,Consumer,Mexico,North America,1323
Jessica Anderson,Corporate,Canada,North America,1324
David Rossi,Consumer,Nigeria,Middle East & Africa,1325
Thomas Thomas,Home Office,Mexico,North America,1326
Oscar Nilsson,Consumer,France,Europe,1327
Nadia Oliveira,Consumer,Mexico,North America,1328
Oscar Schmidt,Corporate,Japan,Asia Pacific,1329
Richard Jackson,Consumer,United States,North America,1330
James Johansson,Home Office,Mexico,North America,1331
Sakura Costa,Consumer,United States,North America,1332
Richard Rossi,Consumer,Brazil,South America,1333
Liam Davis,Consumer,Italy,Europe,1334
Jamal Kim,Consumer,Canada,North America,1335
Sophie Ahmed,Corporate,United Kingdom,Europe,1336
Christopher Jackson,Consumer,Japan,Asia Pacific,1337
Diego Kim,Consumer,United Kingdom,Europe,1338
Barbara Khan,Consumer,United States,North America,1339
Priya Ferrari,Consumer,Canada,North America,1340
Emma Müller,Corporate,Germany,Europe,1341
Clara Laurent,Corporate,United States,North America,1342
Liam Rodriguez,Consumer,Nigeria,Middle East & Africa,1343
Marco Kim,Home Office,Argentina,South America,1344
Robert Rodriguez,Consumer,Japan,Asia Pacific,1345
Michael Nilsson,Corporate,Argentina,South America,1346
Ali Leroy,Consumer,South Korea,Asia Pacific,1347
Amir Rodriguez,Consumer,Saudi Arabia,Middle East & Africa,1348
Karen Santos,Consumer,United Kingdom,Europe,1349
Patricia Ferrari,Consumer,Germany,Europe,1350
Robert Harris,Home Office,China,Asia Pacific,1351
Hanna Weber,Consumer,Canada,North America,1352
Mary Khan,Home Office,United States,North America,1353
Christopher Martinez,Consumer,India,Asia Pacific,1354
Giulia Rodriguez,Home Office,Saudi Arabia,Middle East & Africa,1355
Barbara Sharma,Corporate,Canada,North America,1356
Thomas Laurent,Consumer,China,Asia Pacific,1357
Michael Davis,Home Office,Mexico,North America,1358
Isabella Tanaka,Consumer,Germany,Europe,1359
Barbara Singh,Consumer,United States,North America,1360
Raj Garcia,Consumer,Argentina,South America,1361
Kenji Martin,Consumer,Italy,Europe,1362
Isabella Davis,Consumer,France,Europe,1363
Mary Patel,Consumer,Spain,Europe,1364
Christopher Clark,Corporate,Colombia,South America,1365
Mia Weber,Consumer,Italy,Europe,1366
Marco Davis,Consumer,Australia,Asia Pacific,1367
Maria Moreau,Consumer,Germany,Europe,1368
James Patel,Corporate,Mexico,North America,1369
Priya Singh,Consumer,Italy,Europe,1370
Ayumi Smith,Consumer,China,Asia Pacific,1371
Emma Clark,Consumer,Mexico,North America,1372
Li Harris,Consumer,India,Asia Pacific,1373
Noah Suzuki,Consumer,Japan,Asia Pacific,1374
Omar Yamamoto,Consumer,Nigeria,Middle East & Africa,1375
Robert Wang,Home Office,Canada,North America,1376
Ayumi Pereira,Consumer,Canada,North America,1377
Chen Rossi,Corporate,Canada,North America,1378
Ahmed Dubois,Consumer,Mexico,North America,1379
Robert Chen,Consumer,Canada,North America,1380
Kenji Smith,Consumer,Germany,Europe,1381
Jessica Moreau,Consumer,United States,North America,1382
Patricia Park,Corporate,Mexico,North America,1383
James Ahmed,Home Office,Canada,North America,1384
Oscar Martinez,Corporate,Japan,Asia Pacific,1385
Li Suzuki,Consumer,Italy,Europe,1386
Jessica Schmidt,Consumer,India,Asia Pacific,1387
Isabella Jackson,Corporate,Japan,Asia Pacific,1388
Thomas Tanaka,Consumer,India,Asia Pacific,1389
Mary Miller,Home Office,France,Europe,1390
Sakura Harris,Consumer,Germany,Europe,1391
Richard Dubois,Home Office,Mexico,North America,1392
Raj Yamamoto,Consumer,South Korea,Asia Pacific,1393
Ethan Li,Consumer,China,Asia Pacific,1394
Amir Taylor,Consumer,France,Europe,1395
Clara Costa,Corporate,Germany,Europe,1396
Elizabeth Schmidt,Consumer,China,Asia Pacific,1397
Raj Martinez,Consumer,Brazil,South America,1398
Ahmed Smith,Consumer,Mexico,North America,1399
Karen Suzuki,Home Office,Japan,Asia Pacific,1400
Jamal Singh,Home Office,Colombia,South America,1401
Ayumi Clark,Home Office,United States,North America,1402
Lucas Yamamoto,Consumer,South Africa,Middle East & Africa,1403
Olga Taylor,Home Office,United States,North America,1404
Emma Dubois,Consumer,France,Europe,1405
Ingrid Williams,Corporate,France,Europe,1406
Jennifer Thomas,Consumer,Brazil,South America,1407
Joseph Weber,Consumer,Canada,North America,1408
Hanna Williams,Corporate,Mexico,North America,1409
Olivia Zhang,Consumer,Mexico,North America,1410
Chen Romano,Consumer,South Korea,Asia Pacific,1411
Michael Leroy,Home Office,United States,North America,1412
Kenji Johansson,Consumer,Italy,Europe,1413
Robert Patel,Corporate,South Korea,Asia Pacific,1414
Jessica Park,Home Office,Spain,Europe,1415
Maria Müller,Corporate,United States,North America,1416
Hans Müller,Consumer,Nigeria,Middle East & Africa,1417
John Rodriguez,Consumer,Argentina,South America,1418
Susan White,Home Office,Brazil,South America,1419
Ivan Leroy,Home Office,Mexico,North America,1420
Sarah Sharma,Home Office,Mexico,North America,1421
Giulia Singh,Consumer,United States,North America,1422
Giulia Taylor,Consumer,Germany,Europe,1423
Xiao Weber,Home Office,United Kingdom,Europe,1424
Jennifer Harris,Home Office,Italy,Europe,1425
Pierre Leroy,Home Office,Mexico,North America,1426
Mia Anderson,Consumer,France,Europe,1427
Richard Ali,Consumer,Japan,Asia Pacific,1428
Richard Zhang,Corporate,Saudi Arabia,Middle East & Africa,1429
Ali Taylor,Consumer,Mexico,North America,1430
Olivia White,Consumer,India,Asia Pacific,1431
Ahmed Zhang,Corporate,United States,North America,1432
Layla Johansson,Corporate,Nigeria,Middle East & Africa,1433
Patricia Wang,Corporate,Germany,Europe,1434
Sakura Zhang,Consumer,Spain,Europe,1435
Carlos Jones,Home Office,Mexico,North America,1436
John Martin,Home Office,Germany,Europe,1437
Emma Anderson,Home Office,Mexico,North America,1438
Hans Ali,Corporate,Italy,Europe,1439
Thomas Clark,Consumer,Germany,Europe,1440
Olivia Kim,Consumer,South Africa,Middle East & Africa,1441
Oscar Thompson,Consumer,South Korea,Asia Pacific,1442
Hans Patel,Consumer,Canada,North America,1443
Mary Chen,Home Office,United States,North America,1444
Sophie Jackson,Consumer,Australia,Asia Pacific,1445
Lucas Tanaka,Home Office,Saudi Arabia,Middle East & Africa,1446
Raj Harris,Consumer,Mexico,North America,1447
Giulia White,Consumer,Australia,Asia Pacific,1448
Fatima Müller,Corporate,Italy,Europe,1449
Sakura Chen,Corporate,India,Asia Pacific,1450
Ahmed Jackson,Corporate,South Africa,Middle East & Africa,1451
Omar Schmidt,Corporate,Canada,North America,1452
Sarah Brown,Consumer,Canada,North America,1453
Isabella Thompson,Consumer,Japan,Asia Pacific,1454
Clara Garcia,Consumer,Canada,North America,1455
Olga Wang,Corporate,France,Europe,1456
Carlos Ali,Consumer,South Korea,Asia Pacific,1457
Kenji Martin,Home Office,Colombia,South America,1458
Diego Rossi,Corporate,Canada,North America,1459
Wei Moreau,Corporate,India,Asia Pacific,1460
Elizabeth Williams,Consumer,Canada,North America,1461
David Johansson,Corporate,Spain,Europe,1462
Emma Romano,Home Office,Spain,Europe,1463
Omar Thomas,Consumer,Japan,Asia Pacific,1464
Giulia Smith,Corporate,Canada,North America,1465
Xiao Rodriguez,Corporate,Germany,Europe,1466
Raj Harris,Consumer,United States,North America,1467
Emma Chen,Consumer,China,Asia Pacific,1468
Priya Romano,Home Office,Italy,Europe,1469
Ali Müller,Consumer,South Korea,Asia Pacific,1470
Diego Weber,Home Office,Germany,Europe,1471
William Wang,Home Office,Nigeria,Middle East & Africa,1472
Priya Patel,Home Office,Brazil,South America,1473
David Park,Consumer,Nigeria,Middle East & Africa,1474
James Miller,Home Office,Canada,North America,1475
Olga Ali,Consumer,Saudi Arabia,Middle East & Africa,1476
Olga Russo,Consumer,Italy,Europe,1477
Amina Khan,Corporate,Japan,Asia Pacific,1478
Ingrid Clark,Corporate,Canada,North America,1479
Hans Zhang,Home Office,Spain,Europe,1480
Jennifer Leroy,Corporate,Japan,Asia Pacific,1481
Ahmed Hassan,Corporate,Mexico,North America,1482
Joseph Garcia,Consumer,China,Asia Pacific,1483
Sarah Smith,Home Office,Brazil,South America,1484
Sophie Jones,Consumer,Spain,Europe,1485
Amir Ali,Consumer,Italy,Europe,1486
Richard Yamamoto,Corporate,Argentina,South America,1487
Richard Weber,Consumer,Canada,North America,1488
Hans Sharma,Consumer,South Africa,Middle East & Africa,1489
Wei Müller,Corporate,UAE,Middle East & Africa,1490
Mary Weber,Consumer,Nigeria,Middle East & Africa,1491
Layla Jackson,Home Office,India,Asia Pacific,1492
Olivia Anderson,Consumer,Mexico,North America,1493
Noah Moreau,Home Office,India,Asia Pacific,1494
Hanna Li,Consumer,China,Asia Pacific,1495
Wei Anderson,Consumer,Australia,Asia Pacific,1496
Wei Li,Corporate,Brazil,South America,1498
Layla Leroy,Corporate,Saudi Arabia,Middle East & Africa,1499
Hans Kumar,Consumer,Brazil,South America,1500
Priya Sharma,Corporate,United States,North America,1501
Pierre Garcia,Home Office,United States,North America,1502
Amina Singh,Consumer,Mexico,North America,1503
David Chen,Corporate,Argentina,South America,1504
Xiao White,Corporate,Germany,Europe,1505
Pierre Pereira,Consumer,China,Asia Pacific,1506
Liam Clark,Consumer,Nigeria,Middle East & Africa,1507
Giulia Miller,Consumer,Australia,Asia Pacific,1508
Ingrid Robinson,Home Office,Argentina,South America,1509
Michael Tanaka,Consumer,Germany,Europe,1510
Lucas Costa,Consumer,United States,North America,1511
Chen Santos,Corporate,Japan,Asia Pacific,1512
Sophie Johnson,Home Office,Italy,Europe,1513
Christopher Tanaka,Home Office,South Africa,Middle East & Africa,1514
Sophie Rossi,Corporate,Mexico,North America,1515
Raj Pereira,Consumer,Mexico,North America,1516
Karen Hassan,Home Office,France,Europe,1517
Jennifer Harris,Corporate,Colombia,South America,1518
Hanna Rodriguez,Consumer,United Kingdom,Europe,1519
Christopher Harris,Corporate,Germany,Europe,1520
John Pereira,Consumer,United States,North America,1521
Layla Ferrari,Corporate,South Korea,Asia Pacific,1522
Mia Johansson,Consumer,Japan,Asia Pacific,1523
Emma Wang,Consumer,Italy,Europe,1524
Omar Patel,Home Office,France,Europe,1525
Hans Costa,Consumer,UAE,Middle East & Africa,1526
Jessica Brown,Home Office,United States,North America,1527
Ayumi Harris,Consumer,Canada,North America,1528
Joseph Thompson,Consumer,Colombia,South America,1529
Xiao Sharma,Consumer,Argentina,South America,1530
Christopher Jones,Consumer,Canada,North America,1531
Sarah Leroy,Corporate,United States,North America,1532
Robert Davis,Consumer,South Korea,Asia Pacific,1533
Sarah Tanaka,Consumer,South Korea,Asia Pacific,1534
Isabella Nilsson,Corporate,Germany,Europe,1535
Fatima Yamamoto,Consumer,Brazil,South America,1536
Joseph Schmidt,Home Office,India,Asia Pacific,1537
Richard Williams,Consumer,China,Asia Pacific,1538
Patricia Leroy,Consumer,South Korea,Asia Pacific,1539
Nadia Rodriguez,Consumer,Mexico,North America,1540
Zara Miller,Consumer,Argentina,South America,1541
Oscar Ali,Corporate,Germany,Europe,1542
David Fischer,Consumer,Germany,Europe,1543
Barbara White,Consumer,India,Asia Pacific,1544
Susan Garcia,Corporate,Argentina,South America,1545
Sakura Davis,Consumer,Canada,North America,1546
Thomas Costa,Corporate,Canada,North America,1547
Oscar Martin,Consumer,Spain,Europe,1548
Susan Leroy,Consumer,Japan,Asia Pacific,1549
David Smith,Corporate,United States,North America,1550
Thomas Zhang,Home Office,Japan,Asia Pacific,1551
Pierre Fischer,Consumer,Germany,Europe,1552
Ingrid Davis,Corporate,Colombia,South America,1553
Fatima Davis,Consumer,Saudi Arabia,Middle East & Africa,1554
Lucas Brown,Consumer,South Africa,Middle East & Africa,1555
Jamal Hassan,Consumer,Australia,Asia Pacific,1556
Jamal Pereira,Corporate,Japan,Asia Pacific,1557
Olga Kim,Corporate,Argentina,South America,1558
Hans Khan,Consumer,Mexico,North America,1559
Oscar Miller,Home Office,South Africa,Middle East & Africa,1560
Barbara Weber,Corporate,Nigeria,Middle East & Africa,1561
Ivan Sharma,Corporate,Mexico,North America,1562
Christopher Ahmed,Corporate,United States,North America,1563
Hanna Nilsson,Consumer,Mexico,North America,1564
William Zhang,Consumer,Brazil,South America,1565
Liam White,Corporate,United States,North America,1566
Kenji Yamamoto,Consumer,Japan,Asia Pacific,1567
Ingrid Clark,Consumer,United States,North America,1568
Emma Martin,Corporate,Italy,Europe,1569
Michael Miller,Corporate,South Africa,Middle East & Africa,1570
Olivia Clark,Corporate,UAE,Middle East & Africa,1571
Noah Nilsson,Consumer,United States,North America,1572
William Khan,Corporate,Spain,Europe,1573
Ingrid Romano,Consumer,France,Europe,1574
Priya Brown,Corporate,China,Asia Pacific,1575
Barbara Fischer,Corporate,India,Asia Pacific,1576
Patricia Kim,Home Office,United Kingdom,Europe,1577
Ayumi Zhang,Consumer,South Korea,Asia Pacific,1578
Patricia Zhang,Corporate,Mexico,North America,1579
Ava Oliveira,Consumer,Germany,Europe,1580
Michael Yamamoto,Corporate,China,Asia Pacific,1581
Ava Yamamoto,Consumer,Canada,North America,1582
Layla Chen,Corporate,Germany,Europe,1583
Thomas Weber,Home Office,South Africa,Middle East & Africa,1584
Wei Harris,Corporate,South Korea,Asia Pacific,1585
Linda Wang,Consumer,France,Europe,1586
Maria Yamamoto,Consumer,South Korea,Asia Pacific,1587
Lucas Kim,Consumer,United States,North America,1588
Amina Tanaka,Consumer,Mexico,North America,1589
Christopher Hassan,Consumer,Mexico,North America,1590
Sarah Hassan,Corporate,Mexico,North America,1591
Thomas Brown,Home Office,France,Europe,1592
Chen Rossi,Home Office,Canada,North America,1593
Nadia Martin,Home Office,United Kingdom,Europe,1594
Sakura Davis,Corporate,United States,North America,1595
Nadia Pereira,Consumer,South Africa,Middle East & Africa,1596
Richard Rossi,Consumer,Canada,North America,1597
Linda Johnson,Consumer,India,Asia Pacific,1598
Richard Leroy,Corporate,Japan,Asia Pacific,1599
Carlos Ferrari,Consumer,South Korea,Asia Pacific,1600
Mia Brown,Consumer,Colombia,South America,1601
Ahmed Weber,Corporate,China,Asia Pacific,1602
Diego Li,Consumer,United Kingdom,Europe,1603
Jennifer Thompson,Corporate,Mexico,North America,1604
Michael Yamamoto,Consumer,Germany,Europe,1605
Christopher Khan,Home Office,United Kingdom,Europe,1606
Ethan Jones,Consumer,South Africa,Middle East & Africa,1607
Li Pereira,Corporate,Saudi Arabia,Middle East & Africa,1608
Felix Patel,Consumer,Italy,Europe,1609
Noah Chen,Consumer,Canada,North America,1610
Clara Moreau,Corporate,United States,North America,1611
Isabella Russo,Corporate,Germany,Europe,1612
Ivan Patel,Home Office,Australia,Asia Pacific,1613
Diego Suzuki,Corporate,Brazil,South America,1614
Sophie Chen,Corporate,Canada,North America,1615
Robert Taylor,Home Office,United States,North America,1616
Giulia Müller,Corporate,Japan,Asia Pacific,1617
Yuki Suzuki,Corporate,China,Asia Pacific,1618
Amina Taylor,Home Office,South Africa,Middle East & Africa,1619
Ava Clark,Consumer,United Kingdom,Europe,1620
William Garcia,Corporate,United Kingdom,Europe,1621
Ivan Santos,Corporate,Canada,North America,1622
Emma Jones,Home Office,Mexico,North America,1623
Liam Zhang,Home Office,China,Asia Pacific,1624
Felix Pereira,Consumer,Italy,Europe,1625
Sophie Chen,Home Office,Spain,Europe,1626
Ali Yamamoto,Consumer,China,Asia Pacific,1627
Lucas Moreau,Home Office,Mexico,North America,1628
Karen Yamamoto,Corporate,United Kingdom,Europe,1629
Amina Anderson,Corporate,India,Asia Pacific,1630
Olga Johansson,Corporate,Australia,Asia Pacific,1631
David Kumar,Consumer,Spain,Europe,1632
Susan Harris,Consumer,France,Europe,1633
Christopher Chen,Consumer,South Korea,Asia Pacific,1634
Carlos Jackson,Corporate,Saudi Arabia,Middle East & Africa,1635
Hans Ferrari,Home Office,Germany,Europe,1636
Clara Martinez,Home Office,United States,North America,1637
Sarah Rossi,Corporate,United Kingdom,Europe,1638
Lucas Nilsson,Corporate,Germany,Europe,1639
Jamal Robinson,Corporate,Japan,Asia Pacific,1640
Li Harris,Consumer,Mexico,North America,1641
Chen Martin,Consumer,Italy,Europe,1642
Olga Yamamoto,Consumer,UAE,Middle East & Africa,1643
Nadia Thomas,Consumer,Japan,Asia Pacific,1644
Elizabeth Johnson,Home Office,Mexico,North America,1645
Patricia Jackson,Corporate,Spain,Europe,1647
Emma Johnson,Corporate,South Africa,Middle East & Africa,1648
Noah Tanaka,Consumer,China,Asia Pacific,1649
Chen Khan,Corporate,United States,North America,1650
Ayumi Romano,Consumer,Mexico,North America,1651
Joseph Clark,Consumer,China,Asia Pacific,1652
Robert Harris,Consumer,United States,North America,1653
Elizabeth Park,Corporate,United Kingdom,Europe,1654
Emma Kim,Consumer,United Kingdom,Europe,1655
Ayumi White,Corporate,United States,North America,1656
Amir Yamamoto,Home Office,Canada,North America,1657
Olivia Schmidt,Home Office,Italy,Europe,1658
Mary Laurent,Consumer,India,Asia Pacific,1659
Clara Sharma,Consumer,South Africa,Middle East & Africa,1660
Hanna Fischer,Consumer,India,Asia Pacific,1661
Christopher Chen,Consumer,Japan,Asia Pacific,1662
Elizabeth Taylor,Home Office,Australia,Asia Pacific,1663
Marco Ferrari,Consumer,Japan,Asia Pacific,1664
Sakura Kim,Consumer,Germany,Europe,1665
Chen Ali,Corporate,Colombia,South America,1666
Thomas Oliveira,Corporate,France,Europe,1667
William Martinez,Consumer,France,Europe,1668
Clara Martin,Consumer,United States,North America,1669
Carlos Tanaka,Corporate,France,Europe,1670
Ethan Thomas,Corporate,Nigeria,Middle East & Africa,1671
Elizabeth Santos,Consumer,Germany,Europe,1672
Wei Laurent,Consumer,Italy,Europe,1673
John Suzuki,Corporate,United Kingdom,Europe,1674
Christopher Park,Consumer,France,Europe,1675
Layla Jackson,Consumer,Spain,Europe,1676
Emma Sharma,Consumer,UAE,Middle East & Africa,1677
David Nilsson,Consumer,Japan,Asia Pacific,1678
Giulia Russo,Corporate,Japan,Asia Pacific,1679
Li Suzuki,Consumer,Canada,North America,1680
Ingrid Pereira,Corporate,Japan,Asia Pacific,1681
Patricia Garcia,Corporate,Canada,North America,1682
Oscar Chen,Corporate,Mexico,North America,1683
Noah Russo,Consumer,United Kingdom,Europe,1684
Patricia Pereira,Corporate,Spain,Europe,1685
Michael Ahmed,Consumer,Canada,North America,1686
Richard Sharma,Consumer,Italy,Europe,1687
Clara Dubois,Corporate,India,Asia Pacific,1688
Ethan Santos,Consumer,China,Asia Pacific,1689
Mary Anderson,Consumer,Australia,Asia Pacific,1690
Diego Russo,Consumer,Colombia,South America,1691
Jamal Taylor,Consumer,United States,North America,1692
Xiao Brown,Corporate,Brazil,South America,1693
Mia Santos,Consumer,Canada,North America,1694
Hanna Park,Corporate,South Africa,Middle East & Africa,1695
Raj Sato,Home Office,Brazil,South America,1696
Clara Brown,Home Office,Germany,Europe,1697
Linda Hassan,Corporate,Australia,Asia Pacific,1698
Ali Harris,Consumer,Canada,North America,1699
Li Smith,Consumer,Japan,Asia Pacific,1700
Mia Wang,Corporate,Australia,Asia Pacific,1701
Nadia Leroy,Corporate,United States,North America,1702
William Robinson,Consumer,South Korea,Asia Pacific,1703
Omar Russo,Corporate,Colombia,South America,1704
Omar Park,Consumer,India,Asia Pacific,1705
Jennifer White,Home Office,France,Europe,1706
Jessica Johnson,Consumer,Germany,Europe,1707
Ivan Laurent,Home Office,Germany,Europe,1708
Mia Harris,Consumer,South Korea,Asia Pacific,1709
Barbara Robinson,Consumer,Mexico,North America,1710
Mia Johnson,Consumer,Spain,Europe,1711
Maria Rodriguez,Consumer,United Kingdom,Europe,1712
Amir Thompson,Corporate,Colombia,South America,1713
Carlos Thomas,Home Office,Canada,North America,1714
Michael Oliveira,Corporate,Colombia,South America,1715
Yuki Robinson,Consumer,South Africa,Middle East & Africa,1716
Sophie Martin,Consumer,Canada,North America,1717
Oscar Müller,Consumer,United States,North America,1718
Karen Patel,Consumer,South Africa,Middle East & Africa,1719
Kenji Santos,Home Office,France,Europe,1720
Sophie Sato,Consumer,Mexico,North America,1721
Emma Sato,Consumer,South Korea,Asia Pacific,1722
Carlos Sharma,Corporate,Japan,Asia Pacific,1723
Noah Rodriguez,Consumer,Germany,Europe,1724
Carlos Sharma,Consumer,United States,North America,1725
Ethan Wang,Corporate,Brazil,South America,1726
Robert Thomas,Consumer,Spain,Europe,1727
Mary Khan,Corporate,China,Asia Pacific,1728
Felix Leroy,Corporate,Spain,Europe,1729
Wei Sharma,Consumer,UAE,Middle East & Africa,1730
Kenji Williams,Home Office,Germany,Europe,1731
Olga Yamamoto,Corporate,Germany,Europe,1732
Ingrid Nilsson,Corporate,South Korea,Asia Pacific,1733
William Chen,Corporate,Mexico,North America,1734
Ivan Nilsson,Corporate,United Kingdom,Europe,1735
Ahmed Johansson,Corporate,United Kingdom,Europe,1736
Amina Sharma,Consumer,Canada,North America,1737
Elizabeth Williams,Corporate,United Kingdom,Europe,1738
James Williams,Home Office,United States,North America,1739
Xiao Santos,Consumer,Colombia,South America,1740
Ava Fischer,Corporate,Germany,Europe,1741
Olga Leroy,Corporate,UAE,Middle East & Africa,1742
Hans Oliveira,Consumer,South Korea,Asia Pacific,1743
Hanna Sato,Consumer,Spain,Europe,1744
Amir Brown,Home Office,Italy,Europe,1745
Ali Kim,Home Office,United Kingdom,Europe,1746
Emma Wang,Consumer,Australia,Asia Pacific,1747
William Martin,Corporate,United States,North America,1748
Wei Thompson,Consumer,United States,North America,1749
Jennifer Robinson,Consumer,United Kingdom,Europe,1750
Ivan Costa,Home Office,Germany,Europe,1751
Elizabeth Miller,Home Office,United States,North America,1752
Lucas Romano,Consumer,France,Europe,1753
Fatima Johnson,Consumer,France,Europe,1754
Pierre Anderson,Corporate,China,Asia Pacific,1755
Clara Robinson,Consumer,Italy,Europe,1756
Jennifer Clark,Corporate,Saudi Arabia,Middle East & Africa,1757
Robert Leroy,Consumer,India,Asia Pacific,1758
Pierre Costa,Corporate,United States,North America,1759
Ayumi Singh,Consumer,Spain,Europe,1760
Thomas Oliveira,Corporate,UAE,Middle East & Africa,1761
Nadia Ahmed,Consumer,Spain,Europe,1762
Diego Miller,Home Office,Australia,Asia Pacific,1763
Amina Nilsson,Consumer,Australia,Asia Pacific,1764
Jennifer Pereira,Consumer,Saudi Arabia,Middle East & Africa,1765
Sarah Clark,Consumer,Brazil,South America,1766
Sophie Sharma,Consumer,Spain,Europe,1767
Ali Wang,Consumer,India,Asia Pacific,1768
Diego Sharma,Corporate,United Kingdom,Europe,1769
Ali Miller,Consumer,India,Asia Pacific,1770
Sakura Nilsson,Corporate,UAE,Middle East & Africa,1771
Marco Tanaka,Consumer,Italy,Europe,1772
Raj Thompson,Consumer,Argentina,South America,1773
Ahmed Russo,Consumer,Japan,Asia Pacific,1774
Sophie White,Corporate,Spain,Europe,1775
Kenji Miller,Home Office,India,Asia Pacific,1776
Patricia Weber,Home Office,France,Europe,1777
Patricia Pereira,Corporate,Saudi Arabia,Middle East & Africa,1778
Isabella Smith,Corporate,Canada,North America,1779
Isabella Khan,Home Office,Canada,North America,1780
Olga Weber,Consumer,South Korea,Asia Pacific,1781
Christopher Rodriguez,Consumer,Spain,Europe,1782
Karen Suzuki,Consumer,France,Europe,1783
Robert Tanaka,Corporate,Spain,Europe,1784
Amir Dubois,Home Office,Canada,North America,1785
Clara Hassan,Consumer,Australia,Asia Pacific,1786
Joseph Wang,Home Office,Italy,Europe,1787
Susan Laurent,Home Office,Colombia,South America,1788
Joseph Weber,Consumer,Spain,Europe,1789
Amir Ferrari,Corporate,Argentina,South America,1790
Elizabeth Zhang,Corporate,Canada,North America,1791
Chen Chen,Consumer,South Korea,Asia Pacific,1792
Robert Rodriguez,Consumer,Italy,Europe,1793
Sarah Weber,Home Office,United States,North America,1794
Noah Fischer,Consumer,France,Europe,1795
Chen Martinez,Consumer,Japan,Asia Pacific,1797
Fatima Weber,Consumer,Italy,Europe,1798
Olivia Ali,Home Office,Canada,North America,1799
Diego Ferrari,Corporate,Germany,Europe,1800
Zara Williams,Consumer,Spain,Europe,1801
Layla Sharma,Corporate,Nigeria,Middle East & Africa,1802
Isabella White,Corporate,Japan,Asia Pacific,1803
Fatima Li,Corporate,Mexico,North America,1804
Ingrid Wang,Corporate,United States,North America,1805
Ethan Chen,Consumer,Canada,North America,1806
Fatima Zhang,Consumer,India,Asia Pacific,1807
Maria Ahmed,Consumer,France,Europe,1808
Sophie Martinez,Corporate,Nigeria,Middle East & Africa,1809
Thomas Hassan,Corporate,Saudi Arabia,Middle East & Africa,1810
Yuki Miller,Consumer,Australia,Asia Pacific,1811
Sakura Rossi,Consumer,Germany,Europe,1812
Emma Johnson,Corporate,Australia,Asia Pacific,1813
Michael Park,Home Office,India,Asia Pacific,1814
James Santos,Home Office,Australia,Asia Pacific,1815
Linda Khan,Consumer,UAE,Middle East & Africa,1816
Zara Oliveira,Home Office,France,Europe,1817
Richard Ali,Corporate,Mexico,North America,1818
David Williams,Consumer,United States,North America,1819
Mary Anderson,Consumer,Mexico,North America,1820
Wei Zhang,Consumer,Germany,Europe,1821
Ava Rossi,Corporate,China,Asia Pacific,1822
Sophie Tanaka,Consumer,Spain,Europe,1823
Olga Garcia,Corporate,Mexico,North America,1824
Lucas Hassan,Consumer,United Kingdom,Europe,1825
Sakura Harris,Corporate,China,Asia Pacific,1826
Amir Williams,Consumer,Mexico,North America,1827
Giulia Garcia,Corporate,Argentina,South America,1828
Jessica Garcia,Consumer,Germany,Europe,1829
Sophie Leroy,Consumer,Brazil,South America,1830
Liam Rodriguez,Consumer,France,Europe,1831
Kenji Moreau,Consumer,Canada,North America,1832
Felix Robinson,Corporate,China,Asia Pacific,1833
Zara Wang,Corporate,India,Asia Pacific,1834
Felix Smith,Consumer,South Africa,Middle East & Africa,1835
Ivan Davis,Consumer,United States,North America,1836
Amir Tanaka,Home Office,China,Asia Pacific,1837
Robert Khan,Consumer,Argentina,South America,1838
Michael Smith,Corporate,Canada,North America,1839
Maria Weber,Consumer,Nigeria,Middle East & Africa,1840
Li Wang,Corporate,China,Asia Pacific,1841
Jennifer Dubois,Consumer,China,Asia Pacific,1842
Elizabeth Garcia,Home Office,South Korea,Asia Pacific,1843
Chen Tanaka,Home Office,Japan,Asia Pacific,1844
Thomas Smith,Home Office,Canada,North America,1845
Olivia Anderson,Home Office,Mexico,North America,1846
Sarah Kim,Consumer,United Kingdom,Europe,1847
James Williams,Corporate,Mexico,North America,1848
Ahmed Rodriguez,Home Office,South Africa,Middle East & Africa,1849
Sarah Johnson,Consumer,United States,North America,1850
Giulia Oliveira,Corporate,Italy,Europe,1851
Christopher Davis,Consumer,Australia,Asia Pacific,1852
Mary Martinez,Corporate,United Kingdom,Europe,1853
William Rodriguez,Corporate,United States,North America,1854
Priya Harris,Home Office,United States,North America,1855
Liam Smith,Consumer,Germany,Europe,1856
Jamal Brown,Corporate,Japan,Asia Pacific,1857
Felix Fischer,Corporate,Argentina,South America,1858
Pierre Wang,Corporate,Spain,Europe,1859
Layla Smith,Home Office,Australia,Asia Pacific,1860
Sophie Martinez,Consumer,United States,North America,1861
Jennifer Brown,Home Office,France,Europe,1863
Ingrid Jackson,Home Office,China,Asia Pacific,1864
Pierre Fischer,Consumer,United Kingdom,Europe,1865
Elizabeth Schmidt,Corporate,Canada,North America,1866
Linda Zhang,Consumer,Canada,North America,1867
Christopher White,Corporate,Mexico,North America,1868
Pierre Weber,Consumer,South Korea,Asia Pacific,1869
Hans Rossi,Consumer,France,Europe,1870
Robert Russo,Corporate,India,Asia Pacific,1871
Layla Rodriguez,Consumer,China,Asia Pacific,1872
Zara Suzuki,Consumer,South Africa,Middle East & Africa,1873
Ali Yamamoto,Consumer,Brazil,South America,1874
Wei White,Home Office,France,Europe,1875
Emma Miller,Consumer,Spain,Europe,1876
Giulia Harris,Home Office,Italy,Europe,1877
Jamal Rossi,Consumer,United States,North America,1878
Sophie Schmidt,Home Office,Colombia,South America,1879
Wei Jackson,Home Office,United Kingdom,Europe,1880
Isabella Sato,Consumer,Argentina,South America,1881
Diego Suzuki,Corporate,Mexico,North America,1882
Xiao Jackson,Consumer,Mexico,North America,1883
Hans Sato,Corporate,Spain,Europe,1884
Ivan Sato,Consumer,Spain,Europe,1885
Hanna Hassan,Home Office,France,Europe,1886
Hanna Ferrari,Consumer,Italy,Europe,1887
Fatima Smith,Home Office,Australia,Asia Pacific,1888
Priya Costa,Corporate,Canada,North America,1889
Mary Rossi,Consumer,South Africa,Middle East & Africa,1890
Hans Wang,Corporate,Mexico,North America,1891
William Ali,Home Office,China,Asia Pacific,1892
Olivia Leroy,Home Office,China,Asia Pacific,1893
Ayumi Singh,Consumer,India,Asia Pacific,1894
James Rossi,Consumer,France,Europe,1895
Mary Fischer,Consumer,Saudi Arabia,Middle East & Africa,1896
Susan Yamamoto,Home Office,United Kingdom,Europe,1897
Olga Robinson,Corporate,China,Asia Pacific,1898
Susan Jackson,Corporate,United Kingdom,Europe,1899
Marco Sato,Consumer,Germany,Europe,1900
Liam Sharma,Consumer,Colombia,South America,1901
Sophie Zhang,Consumer,Mexico,North America,1902
Karen Romano,Consumer,India,Asia Pacific,1903
Thomas Laurent,Home Office,United States,North America,1904
Jessica Thomas,Corporate,Spain,Europe,1906
Omar Nilsson,Corporate,Canada,North America,1907
Joseph Zhang,Consumer,France,Europe,1908
Clara Fischer,Corporate,Mexico,North America,1909
William Sato,Corporate,Italy,Europe,1910
Emma Thompson,Corporate,Mexico,North America,1911
Diego Williams,Consumer,India,Asia Pacific,1912
Susan Ali,Consumer,South Korea,Asia Pacific,1913
Olga Davis,Corporate,India,Asia Pacific,1914
Fatima Fischer,Corporate,Mexico,North America,1915
Liam Martin,Consumer,Argentina,South America,1916
Kenji Hassan,Corporate,India,Asia Pacific,1917
Xiao Ferrari,Home Office,Mexico,North America,1918
Jamal Park,Consumer,UAE,Middle East & Africa,1919
Noah Thomas,Corporate,India,Asia Pacific,1920
Jessica Hassan,Home Office,Argentina,South America,1921
Layla Park,Consumer,Japan,Asia Pacific,1922
Christopher Romano,Consumer,Spain,Europe,1923
Joseph Martin,Corporate,South Korea,Asia Pacific,1924
Layla Yamamoto,Home Office,Australia,Asia Pacific,1925
Clara Hassan,Corporate,Germany,Europe,1926
Sarah Nilsson,Corporate,Japan,Asia Pacific,1927
Felix Singh,Consumer,Japan,Asia Pacific,1928
Thomas Suzuki,Corporate,UAE,Middle East & Africa,1929
Emma Suzuki,Home Office,United Kingdom,Europe,1930
Raj Rossi,Consumer,Australia,Asia Pacific,1931
Olga Miller,Consumer,Mexico,North America,1932
Jessica Pereira,Consumer,Argentina,South America,1933
Raj White,Home Office,France,Europe,1934
Kenji Wang,Consumer,China,Asia Pacific,1935
Omar Ali,Corporate,Spain,Europe,1936
Emma Laurent,Consumer,South Korea,Asia Pacific,1937
Mary Yamamoto,Consumer,China,Asia Pacific,1938
Joseph Chen,Consumer,United States,North America,1939
James Khan,Home Office,United States,North America,1940
Xiao Romano,Corporate,India,Asia Pacific,1941
Pierre Suzuki,Corporate,Colombia,South America,1942
Lucas Clark,Home Office,South Africa,Middle East & Africa,1943
Sarah Harris,Consumer,Japan,Asia Pacific,1944
Joseph Fischer,Corporate,United States,North America,1945
Oscar Martin,Consumer,Japan,Asia Pacific,1946
Oscar Davis,Consumer,Japan,Asia Pacific,1947
Olga Robinson,Corporate,South Africa,Middle East & Africa,1948
Mary Jackson,Consumer,Mexico,North America,1949
Maria Martin,Consumer,China,Asia Pacific,1950
Susan Weber,Consumer,Canada,North America,1951
Lucas Sato,Consumer,United Kingdom,Europe,1952
Robert Martinez,Consumer,Canada,North America,1953
Richard Martinez,Home Office,South Korea,Asia Pacific,1954
Chen Patel,Corporate,Nigeria,Middle East & Africa,1955
Richard Romano,Corporate,Nigeria,Middle East & Africa,1956
Olga Nilsson,Home Office,United States,North America,1957
Jennifer Clark,Home Office,Spain,Europe,1958
Karen Garcia,Corporate,South Africa,Middle East & Africa,1960
Carlos Rodriguez,Corporate,Brazil,South America,1961
Mia Tanaka,Home Office,Germany,Europe,1962
Ava Laurent,Corporate,Mexico,North America,1963
Li Kim,Consumer,Japan,Asia Pacific,1964
Amina Smith,Consumer,Mexico,North America,1965
Olga Davis,Consumer,Australia,Asia Pacific,1966
Marco Taylor,Consumer,South Africa,Middle East & Africa,1967
Xiao Johansson,Home Office,Mexico,North America,1968
Hanna Martinez,Corporate,Germany,Europe,1969
Noah Jones,Consumer,Australia,Asia Pacific,1970
Nadia Nilsson,Corporate,South Korea,Asia Pacific,1971
Ingrid Li,Consumer,Spain,Europe,1972
Sophie Khan,Consumer,Nigeria,Middle East & Africa,1973
Kenji Johnson,Home Office,United States,North America,1974
Barbara Williams,Corporate,Canada,North America,1975
Ingrid Suzuki,Consumer,Italy,Europe,1976
Elizabeth Fischer,Home Office,Italy,Europe,1977
Pierre Robinson,Consumer,Mexico,North America,1978
Ingrid Zhang,Corporate,Japan,Asia Pacific,1979
Ali Jackson,Consumer,Saudi Arabia,Middle East & Africa,1980
Carlos Thomas,Consumer,France,Europe,1981
Kenji Harris,Consumer,France,Europe,1982
Robert Sato,Consumer,Canada,North America,1983
Chen Taylor,Home Office,India,Asia Pacific,1984
Xiao Davis,Consumer,Nigeria,Middle East & Africa,1985
Yuki Kim,Consumer,UAE,Middle East & Africa,1986
Isabella Thomas,Home Office,South Korea,Asia Pacific,1987
Priya Thomas,Home Office,Mexico,North America,1988
Ayumi Russo,Consumer,Germany,Europe,1989
Xiao Robinson,Consumer,Brazil,South America,1990
Maria Leroy,Consumer,Germany,Europe,1991
Sophie Clark,Consumer,Argentina,South America,1992
Elizabeth Müller,Home Office,Italy,Europe,1993
Hanna Leroy,Consumer,Australia,Asia Pacific,1994
Jennifer Oliveira,Consumer,India,Asia Pacific,1995
Linda Nilsson,Consumer,France,Europe,1996
Ayumi Dubois,Consumer,France,Europe,1997
Barbara Jones,Consumer,Spain,Europe,1998
Maria Suzuki,Home Office,Spain,Europe,1999
Susan Russo,Home Office,South Korea,Asia Pacific,2000
